yyyymm,tbl,AAA,BAA,lty,default-spread,term-spread
194701,0.0038,0.0257,0.0313,0.0214,0.0056,0.0176
194702,0.0038,0.0255,0.0312,0.0214,0.0057,0.0176
194703,0.0038,0.0255,0.0315,0.0213,0.0060,0.0175
194704,0.0038,0.0253,0.0316,0.0217,0.0063,0.0179
194705,0.0038,0.0253,0.0317,0.0216,0.0064,0.0178
194706,0.0038,0.0255,0.0321,0.0216,0.0066,0.0178
194707,0.0066,0.0255,0.0318,0.0214,0.0063,0.0148
194708,0.0075,0.0256,0.0317,0.0210,0.0061,0.0135
194709,0.0080,0.0261,0.0323,0.0213,0.0062,0.0133
194710,0.0085,0.0270,0.0335,0.0217,0.0065,0.0132
194711,0.0092,0.0277,0.0344,0.0229,0.0067,0.0137
194712,0.0095,0.0286,0.0352,0.0243,0.0066,0.0148
194801,0.0097,0.0286,0.0352,0.0243,0.0066,0.0146
194802,0.0100,0.0285,0.0353,0.0241,0.0068,0.0141
194803,0.0100,0.0283,0.0353,0.0241,0.0070,0.0141
194804,0.0100,0.0278,0.0347,0.0239,0.0069,0.0139
194805,0.0100,0.0276,0.0338,0.0231,0.0062,0.0131
194806,0.0100,0.0276,0.0334,0.0238,0.0058,0.0138
194807,0.0100,0.0281,0.0337,0.0241,0.0056,0.0141
194808,0.0106,0.0284,0.0344,0.0242,0.0060,0.0136
194809,0.0109,0.0284,0.0345,0.0242,0.0061,0.0133
194810,0.0112,0.0284,0.0350,0.0243,0.0066,0.0131
194811,0.0114,0.0284,0.0353,0.0239,0.0069,0.0125
194812,0.0116,0.0279,0.0353,0.0237,0.0074,0.0121
194901,0.0117,0.0271,0.0346,0.0233,0.0075,0.0116
194902,0.0117,0.0271,0.0345,0.0231,0.0074,0.0114
194903,0.0117,0.0270,0.0347,0.0227,0.0077,0.0110
194904,0.0117,0.0270,0.0345,0.0227,0.0075,0.0110
194905,0.0117,0.0271,0.0345,0.0227,0.0074,0.0110
194906,0.0117,0.0271,0.0347,0.0217,0.0076,0.0100
194907,0.0102,0.0267,0.0346,0.0216,0.0079,0.0114
194908,0.0104,0.0262,0.0340,0.0210,0.0078,0.0106
194909,0.0107,0.0260,0.0337,0.0212,0.0077,0.0105
194910,0.0105,0.0261,0.0336,0.0212,0.0075,0.0107
194911,0.0108,0.0260,0.0335,0.0212,0.0075,0.0104
194912,0.0110,0.0258,0.0331,0.0209,0.0073,0.0099
195001,0.0107,0.0257,0.0324,0.0215,0.0067,0.0108
195002,0.0112,0.0258,0.0324,0.0214,0.0066,0.0102
195003,0.0112,0.0258,0.0324,0.0215,0.0066,0.0103
195004,0.0115,0.0260,0.0323,0.0214,0.0063,0.0099
195005,0.0116,0.0261,0.0325,0.0213,0.0064,0.0097
195006,0.0115,0.0262,0.0328,0.0216,0.0066,0.0101
195007,0.0116,0.0265,0.0332,0.0214,0.0067,0.0098
195008,0.0120,0.0261,0.0323,0.0214,0.0062,0.0094
195009,0.0130,0.0264,0.0321,0.0220,0.0057,0.0090
195010,0.0131,0.0267,0.0322,0.0225,0.0055,0.0094
195011,0.0136,0.0267,0.0322,0.0224,0.0055,0.0088
195012,0.0134,0.0267,0.0320,0.0224,0.0053,0.0090
195101,0.0134,0.0266,0.0317,0.0221,0.0051,0.0087
195102,0.0136,0.0266,0.0316,0.0228,0.0050,0.0092
195103,0.0140,0.0278,0.0323,0.0241,0.0045,0.0101
195104,0.0147,0.0287,0.0335,0.0248,0.0048,0.0101
195105,0.0155,0.0289,0.0340,0.0254,0.0051,0.0099
195106,0.0145,0.0294,0.0349,0.0259,0.0055,0.0114
195107,0.0156,0.0294,0.0353,0.0252,0.0059,0.0096
195108,0.0162,0.0288,0.0350,0.0246,0.0062,0.0084
195109,0.0163,0.0284,0.0346,0.0253,0.0062,0.0090
195110,0.0154,0.0289,0.0350,0.0254,0.0061,0.0100
195111,0.0156,0.0296,0.0356,0.0264,0.0060,0.0108
195112,0.0173,0.0301,0.0361,0.0269,0.0060,0.0096
195201,0.0157,0.0298,0.0359,0.0268,0.0061,0.0111
195202,0.0154,0.0293,0.0353,0.0269,0.0060,0.0115
195203,0.0159,0.0296,0.0351,0.0263,0.0055,0.0104
195204,0.0157,0.0293,0.0350,0.0254,0.0057,0.0097
195205,0.0167,0.0293,0.0349,0.0257,0.0056,0.0090
195206,0.0170,0.0294,0.0350,0.0259,0.0056,0.0089
195207,0.0181,0.0295,0.0350,0.0261,0.0055,0.0080
195208,0.0183,0.0294,0.0351,0.0267,0.0057,0.0084
195209,0.0171,0.0295,0.0352,0.0277,0.0057,0.0106
195210,0.0174,0.0301,0.0354,0.0269,0.0053,0.0095
195211,0.0185,0.0298,0.0353,0.0272,0.0055,0.0087
195212,0.0209,0.0297,0.0351,0.0279,0.0054,0.0070
195301,0.0196,0.0302,0.0351,0.0279,0.0049,0.0083
195302,0.0197,0.0307,0.0353,0.0287,0.0046,0.0090
195303,0.0201,0.0312,0.0357,0.0294,0.0045,0.0093
195304,0.0219,0.0323,0.0365,0.0303,0.0042,0.0084
195305,0.0216,0.0334,0.0378,0.0314,0.0044,0.0098
195306,0.0211,0.0340,0.0386,0.0301,0.0046,0.0090
195307,0.0204,0.0328,0.0386,0.0301,0.0058,0.0097
195308,0.0204,0.0324,0.0385,0.0303,0.0061,0.0099
195309,0.0179,0.0329,0.0388,0.0284,0.0059,0.0105
195310,0.0138,0.0316,0.0382,0.0281,0.0066,0.0143
195311,0.0144,0.0311,0.0375,0.0286,0.0064,0.0142
195312,0.0160,0.0313,0.0374,0.0274,0.0061,0.0114
195401,0.0118,0.0306,0.0371,0.0291,0.0065,0.0173
195402,0.0097,0.0295,0.0361,0.0279,0.0066,0.0182
195403,0.0103,0.0286,0.0351,0.0278,0.0065,0.0175
195404,0.0097,0.0285,0.0347,0.0273,0.0062,0.0176
195405,0.0076,0.0288,0.0347,0.0279,0.0059,0.0203
195406,0.0064,0.0290,0.0349,0.0272,0.0059,0.0208
195407,0.0072,0.0289,0.0350,0.0266,0.0061,0.0194
195408,0.0092,0.0287,0.0349,0.0269,0.0062,0.0177
195409,0.0101,0.0289,0.0347,0.0271,0.0058,0.0170
195410,0.0098,0.0287,0.0346,0.0271,0.0059,0.0173
195411,0.0093,0.0289,0.0345,0.0274,0.0056,0.0181
195412,0.0115,0.0290,0.0345,0.0272,0.0055,0.0157
195501,0.0122,0.0293,0.0345,0.0286,0.0052,0.0164
195502,0.0117,0.0293,0.0347,0.0292,0.0054,0.0175
195503,0.0128,0.0302,0.0348,0.0288,0.0046,0.0160
195504,0.0159,0.0301,0.0349,0.0290,0.0048,0.0131
195505,0.0145,0.0304,0.0350,0.0287,0.0046,0.0142
195506,0.0141,0.0305,0.0351,0.0293,0.0046,0.0152
195507,0.0160,0.0306,0.0352,0.0300,0.0046,0.0140
195508,0.0190,0.0311,0.0356,0.0301,0.0045,0.0111
195509,0.0207,0.0313,0.0359,0.0298,0.0046,0.0091
195510,0.0223,0.0310,0.0359,0.0292,0.0049,0.0069
195511,0.0224,0.0310,0.0358,0.0295,0.0048,0.0071
195512,0.0254,0.0315,0.0362,0.0295,0.0047,0.0041
195601,0.0241,0.0311,0.0360,0.0292,0.0049,0.0051
195602,0.0232,0.0308,0.0358,0.0293,0.0050,0.0061
195603,0.0225,0.0310,0.0360,0.0303,0.0050,0.0078
195604,0.0260,0.0324,0.0368,0.0311,0.0044,0.0051
195605,0.0261,0.0328,0.0373,0.0299,0.0045,0.0038
195606,0.0249,0.0326,0.0376,0.0299,0.0050,0.0050
195607,0.0231,0.0328,0.0380,0.0313,0.0052,0.0082
195608,0.0260,0.0343,0.0393,0.0325,0.0050,0.0065
195609,0.0284,0.0356,0.0407,0.0324,0.0051,0.0040
195610,0.0290,0.0359,0.0417,0.0329,0.0058,0.0039
195611,0.0299,0.0369,0.0424,0.0333,0.0055,0.0034
195612,0.0321,0.0375,0.0437,0.0345,0.0062,0.0024
195701,0.0311,0.0377,0.0449,0.0328,0.0072,0.0017
195702,0.0310,0.0367,0.0447,0.0328,0.0080,0.0018
195703,0.0308,0.0366,0.0443,0.0331,0.0077,0.0023
195704,0.0307,0.0367,0.0444,0.0345,0.0077,0.0038
195705,0.0306,0.0374,0.0452,0.0348,0.0078,0.0042
195706,0.0329,0.0391,0.0463,0.0361,0.0072,0.0032
195707,0.0316,0.0399,0.0473,0.0365,0.0074,0.0049
195708,0.0337,0.0410,0.0482,0.0367,0.0072,0.0030
195709,0.0353,0.0412,0.0493,0.0364,0.0081,0.0011
195710,0.0358,0.0410,0.0499,0.0369,0.0089,0.0011
195711,0.0331,0.0408,0.0509,0.0340,0.0101,0.0009
195712,0.0304,0.0381,0.0503,0.0323,0.0122,0.0019
195801,0.0244,0.0360,0.0483,0.0330,0.0123,0.0086
195802,0.0153,0.0359,0.0466,0.0325,0.0107,0.0172
195803,0.0130,0.0363,0.0468,0.0321,0.0105,0.0191
195804,0.0113,0.0360,0.0467,0.0311,0.0107,0.0198
195805,0.0091,0.0357,0.0462,0.0313,0.0105,0.0222
195806,0.0083,0.0357,0.0455,0.0324,0.0098,0.0241
195807,0.0091,0.0367,0.0453,0.0343,0.0086,0.0252
195808,0.0169,0.0385,0.0467,0.0371,0.0082,0.0202
195809,0.0244,0.0409,0.0487,0.0380,0.0078,0.0136
195810,0.0263,0.0411,0.0492,0.0374,0.0081,0.0111
195811,0.0267,0.0409,0.0487,0.0368,0.0078,0.0101
195812,0.0277,0.0408,0.0485,0.0382,0.0077,0.0105
195901,0.0282,0.0412,0.0487,0.0408,0.0075,0.0126
195902,0.0270,0.0414,0.0489,0.0402,0.0075,0.0132
195903,0.0280,0.0413,0.0485,0.0403,0.0072,0.0123
195904,0.0295,0.0423,0.0486,0.0414,0.0063,0.0119
195905,0.0284,0.0437,0.0496,0.0417,0.0059,0.0133
195906,0.0321,0.0446,0.0504,0.0419,0.0058,0.0098
195907,0.0320,0.0447,0.0508,0.0417,0.0061,0.0097
195908,0.0338,0.0443,0.0509,0.0423,0.0066,0.0085
195909,0.0404,0.0452,0.0518,0.0429,0.0066,0.0025
195910,0.0405,0.0457,0.0528,0.0421,0.0071,0.0016
195911,0.0415,0.0456,0.0526,0.0432,0.0070,0.0017
195912,0.0449,0.0458,0.0528,0.0447,0.0070,-0.0002
196001,0.0435,0.0461,0.0534,0.0441,0.0073,0.0006
196002,0.0396,0.0456,0.0534,0.0429,0.0078,0.0033
196003,0.0331,0.0449,0.0525,0.0411,0.0076,0.0080
196004,0.0323,0.0445,0.0520,0.0426,0.0075,0.0103
196005,0.0329,0.0446,0.0528,0.0417,0.0082,0.0088
196006,0.0246,0.0445,0.0526,0.0407,0.0081,0.0161
196007,0.0230,0.0441,0.0522,0.0382,0.0081,0.0152
196008,0.0230,0.0428,0.0508,0.0390,0.0080,0.0160
196009,0.0248,0.0425,0.0501,0.0387,0.0076,0.0139
196010,0.0230,0.0430,0.0511,0.0391,0.0081,0.0161
196011,0.0237,0.0431,0.0508,0.0399,0.0077,0.0162
196012,0.0225,0.0435,0.0510,0.0380,0.0075,0.0155
196101,0.0224,0.0432,0.0510,0.0404,0.0078,0.0180
196102,0.0242,0.0427,0.0507,0.0392,0.0080,0.0150
196103,0.0239,0.0422,0.0502,0.0397,0.0080,0.0158
196104,0.0229,0.0425,0.0501,0.0391,0.0076,0.0162
196105,0.0229,0.0427,0.0501,0.0397,0.0074,0.0168
196106,0.0233,0.0433,0.0503,0.0404,0.0070,0.0171
196107,0.0224,0.0441,0.0509,0.0404,0.0068,0.0180
196108,0.0239,0.0445,0.0511,0.0410,0.0066,0.0171
196109,0.0228,0.0445,0.0512,0.0403,0.0067,0.0175
196110,0.0230,0.0442,0.0513,0.0400,0.0071,0.0170
196111,0.0248,0.0439,0.0511,0.0404,0.0072,0.0156
196112,0.0260,0.0442,0.0510,0.0415,0.0068,0.0155
196201,0.0272,0.0442,0.0508,0.0419,0.0066,0.0147
196202,0.0273,0.0442,0.0507,0.0414,0.0065,0.0141
196203,0.0272,0.0439,0.0504,0.0398,0.0065,0.0126
196204,0.0273,0.0433,0.0502,0.0394,0.0069,0.0121
196205,0.0269,0.0428,0.0500,0.0393,0.0072,0.0124
196206,0.0273,0.0428,0.0502,0.0401,0.0074,0.0128
196207,0.0292,0.0434,0.0505,0.0412,0.0071,0.0120
196208,0.0282,0.0435,0.0506,0.0401,0.0071,0.0119
196209,0.0278,0.0432,0.0503,0.0398,0.0071,0.0120
196210,0.0274,0.0428,0.0499,0.0395,0.0071,0.0121
196211,0.0283,0.0425,0.0496,0.0396,0.0071,0.0113
196212,0.0287,0.0424,0.0492,0.0395,0.0068,0.0108
196301,0.0291,0.0421,0.0491,0.0398,0.0070,0.0107
196302,0.0292,0.0419,0.0489,0.0400,0.0070,0.0108
196303,0.0289,0.0419,0.0488,0.0401,0.0069,0.0112
196304,0.0290,0.0421,0.0487,0.0405,0.0066,0.0115
196305,0.0293,0.0422,0.0485,0.0406,0.0063,0.0113
196306,0.0299,0.0423,0.0484,0.0407,0.0061,0.0108
196307,0.0318,0.0426,0.0484,0.0407,0.0058,0.0089
196308,0.0332,0.0429,0.0483,0.0408,0.0054,0.0076
196309,0.0338,0.0431,0.0484,0.0410,0.0053,0.0072
196310,0.0345,0.0432,0.0483,0.0415,0.0051,0.0070
196311,0.0352,0.0433,0.0484,0.0414,0.0051,0.0062
196312,0.0352,0.0435,0.0485,0.0417,0.0050,0.0065
196401,0.0352,0.0439,0.0483,0.0421,0.0044,0.0069
196402,0.0353,0.0436,0.0483,0.0424,0.0047,0.0071
196403,0.0354,0.0438,0.0483,0.0424,0.0045,0.0070
196404,0.0347,0.0440,0.0485,0.0423,0.0045,0.0076
196405,0.0348,0.0441,0.0485,0.0422,0.0044,0.0074
196406,0.0348,0.0441,0.0485,0.0419,0.0044,0.0071
196407,0.0346,0.0440,0.0483,0.0421,0.0043,0.0075
196408,0.0350,0.0441,0.0482,0.0423,0.0041,0.0073
196409,0.0353,0.0442,0.0482,0.0421,0.0040,0.0068
196410,0.0357,0.0442,0.0481,0.0421,0.0039,0.0064
196411,0.0364,0.0443,0.0481,0.0422,0.0038,0.0058
196412,0.0384,0.0444,0.0481,0.0423,0.0037,0.0039
196501,0.0381,0.0443,0.0480,0.0422,0.0037,0.0041
196502,0.0393,0.0441,0.0478,0.0424,0.0037,0.0031
196503,0.0393,0.0442,0.0478,0.0422,0.0036,0.0029
196504,0.0393,0.0443,0.0480,0.0422,0.0037,0.0029
196505,0.0389,0.0444,0.0481,0.0423,0.0037,0.0034
196506,0.0380,0.0446,0.0485,0.0423,0.0039,0.0043
196507,0.0384,0.0448,0.0488,0.0424,0.0040,0.0040
196508,0.0384,0.0449,0.0488,0.0428,0.0039,0.0044
196509,0.0392,0.0452,0.0491,0.0433,0.0039,0.0041
196510,0.0403,0.0456,0.0493,0.0433,0.0037,0.0030
196511,0.0409,0.0460,0.0495,0.0441,0.0035,0.0032
196512,0.0438,0.0468,0.0502,0.0450,0.0034,0.0012
196601,0.0459,0.0474,0.0506,0.0457,0.0032,-0.0002
196602,0.0465,0.0478,0.0512,0.0477,0.0034,0.0012
196603,0.0459,0.0492,0.0532,0.0460,0.0040,0.0001
196604,0.0462,0.0496,0.0541,0.0467,0.0045,0.0005
196605,0.0464,0.0498,0.0548,0.0473,0.0050,0.0009
196606,0.0450,0.0507,0.0558,0.0477,0.0051,0.0027
196607,0.0480,0.0516,0.0568,0.0482,0.0052,0.0002
196608,0.0496,0.0531,0.0583,0.0499,0.0052,0.0003
196609,0.0537,0.0549,0.0609,0.0480,0.0060,-0.0057
196610,0.0535,0.0541,0.0610,0.0467,0.0069,-0.0068
196611,0.0532,0.0535,0.0613,0.0480,0.0078,-0.0052
196612,0.0496,0.0539,0.0618,0.0455,0.0079,-0.0041
196701,0.0472,0.0520,0.0597,0.0448,0.0077,-0.0024
196702,0.0456,0.0503,0.0582,0.0465,0.0079,0.0009
196703,0.0426,0.0513,0.0585,0.0455,0.0072,0.0029
196704,0.0384,0.0511,0.0583,0.0477,0.0072,0.0093
196705,0.0360,0.0524,0.0596,0.0482,0.0072,0.0122
196706,0.0354,0.0544,0.0615,0.0507,0.0071,0.0153
196707,0.0421,0.0558,0.0626,0.0505,0.0068,0.0084
196708,0.0427,0.0562,0.0633,0.0514,0.0071,0.0087
196709,0.0442,0.0565,0.0640,0.0517,0.0075,0.0075
196710,0.0456,0.0582,0.0652,0.0549,0.0070,0.0093
196711,0.0473,0.0607,0.0672,0.0567,0.0065,0.0094
196712,0.0497,0.0619,0.0693,0.0556,0.0074,0.0059
196801,0.0500,0.0617,0.0684,0.0536,0.0067,0.0036
196802,0.0498,0.0610,0.0680,0.0542,0.0070,0.0044
196803,0.0517,0.0611,0.0685,0.0560,0.0074,0.0043
196804,0.0538,0.0621,0.0697,0.0547,0.0076,0.0009
196805,0.0566,0.0627,0.0703,0.0547,0.0076,-0.0019
196806,0.0552,0.0628,0.0707,0.0534,0.0079,-0.0018
196807,0.0531,0.0624,0.0698,0.0517,0.0074,-0.0014
196808,0.0509,0.0602,0.0682,0.0520,0.0080,0.0011
196809,0.0519,0.0597,0.0679,0.0531,0.0082,0.0012
196810,0.0535,0.0609,0.0684,0.0543,0.0075,0.0008
196811,0.0545,0.0619,0.0701,0.0566,0.0082,0.0021
196812,0.0596,0.0645,0.0723,0.0598,0.0078,0.0002
196901,0.0614,0.0659,0.0732,0.0617,0.0073,0.0003
196902,0.0612,0.0666,0.0730,0.0618,0.0064,0.0006
196903,0.0602,0.0685,0.0751,0.0620,0.0066,0.0018
196904,0.0611,0.0689,0.0754,0.0593,0.0065,-0.0018
196905,0.0604,0.0679,0.0752,0.0635,0.0073,0.0031
196906,0.0644,0.0698,0.0770,0.0623,0.0072,-0.0021
196907,0.0700,0.0708,0.0784,0.0621,0.0076,-0.0079
196908,0.0698,0.0697,0.0786,0.0630,0.0089,-0.0068
196909,0.0709,0.0714,0.0805,0.0677,0.0091,-0.0032
196910,0.0700,0.0733,0.0822,0.0653,0.0089,-0.0047
196911,0.0724,0.0735,0.0825,0.0676,0.0090,-0.0048
196912,0.0782,0.0772,0.0865,0.0687,0.0093,-0.0095
197001,0.0787,0.0791,0.0886,0.0693,0.0095,-0.0094
197002,0.0713,0.0793,0.0878,0.0651,0.0085,-0.0062
197003,0.0663,0.0784,0.0863,0.0661,0.0079,-0.0002
197004,0.0651,0.0783,0.0870,0.0699,0.0087,0.0048
197005,0.0684,0.0811,0.0898,0.0743,0.0087,0.0059
197006,0.0668,0.0848,0.0925,0.0709,0.0077,0.0041
197007,0.0645,0.0844,0.0940,0.0687,0.0096,0.0042
197008,0.0641,0.0813,0.0944,0.0694,0.0131,0.0053
197009,0.0612,0.0809,0.0939,0.0680,0.0130,0.0068
197010,0.0591,0.0803,0.0933,0.0693,0.0130,0.0102
197011,0.0528,0.0805,0.0938,0.0637,0.0133,0.0109
197012,0.0487,0.0764,0.0912,0.0648,0.0148,0.0161
197101,0.0444,0.0736,0.0874,0.0612,0.0138,0.0168
197102,0.0370,0.0708,0.0839,0.0629,0.0131,0.0259
197103,0.0338,0.0721,0.0846,0.0593,0.0125,0.0255
197104,0.0386,0.0725,0.0845,0.0619,0.0120,0.0233
197105,0.0414,0.0753,0.0862,0.0624,0.0109,0.0210
197106,0.0475,0.0764,0.0875,0.0641,0.0111,0.0166
197107,0.0540,0.0764,0.0876,0.0643,0.0112,0.0103
197108,0.0494,0.0759,0.0876,0.0610,0.0117,0.0116
197109,0.0469,0.0744,0.0859,0.0598,0.0115,0.0129
197110,0.0446,0.0739,0.0848,0.0588,0.0109,0.0142
197111,0.0422,0.0726,0.0838,0.0596,0.0112,0.0174
197112,0.0401,0.0725,0.0838,0.0597,0.0113,0.0196
197201,0.0338,0.0719,0.0823,0.0606,0.0104,0.0268
197202,0.0320,0.0727,0.0823,0.0602,0.0096,0.0282
197203,0.0373,0.0724,0.0824,0.0613,0.0100,0.0240
197204,0.0371,0.0730,0.0824,0.0615,0.0094,0.0244
197205,0.0369,0.0730,0.0823,0.0597,0.0093,0.0228
197206,0.0391,0.0723,0.0820,0.0607,0.0097,0.0216
197207,0.0398,0.0721,0.0823,0.0593,0.0102,0.0195
197208,0.0402,0.0719,0.0819,0.0595,0.0100,0.0193
197209,0.0466,0.0722,0.0809,0.0606,0.0087,0.0140
197210,0.0474,0.0721,0.0806,0.0591,0.0085,0.0117
197211,0.0478,0.0712,0.0799,0.0577,0.0087,0.0099
197212,0.0507,0.0708,0.0793,0.0599,0.0085,0.0092
197301,0.0541,0.0715,0.0790,0.0685,0.0075,0.0144
197302,0.0560,0.0722,0.0797,0.0688,0.0075,0.0128
197303,0.0609,0.0729,0.0803,0.0686,0.0074,0.0077
197304,0.0626,0.0726,0.0809,0.0687,0.0083,0.0061
197305,0.0636,0.0729,0.0806,0.0703,0.0077,0.0067
197306,0.0719,0.0737,0.0813,0.0710,0.0076,-0.0009
197307,0.0801,0.0745,0.0824,0.0760,0.0079,-0.0041
197308,0.0867,0.0768,0.0853,0.0728,0.0085,-0.0139
197309,0.0829,0.0763,0.0863,0.0703,0.0100,-0.0126
197310,0.0722,0.0760,0.0841,0.0689,0.0081,-0.0033
197311,0.0783,0.0767,0.0842,0.0712,0.0075,-0.0071
197312,0.0745,0.0768,0.0848,0.0726,0.0080,-0.0019
197401,0.0777,0.0783,0.0848,0.0740,0.0065,-0.0037
197402,0.0712,0.0785,0.0853,0.0748,0.0068,0.0036
197403,0.0796,0.0801,0.0862,0.0783,0.0061,-0.0013
197404,0.0833,0.0825,0.0887,0.0816,0.0062,-0.0017
197405,0.0823,0.0837,0.0905,0.0810,0.0068,-0.0013
197406,0.0790,0.0847,0.0927,0.0812,0.0080,0.0022
197407,0.0755,0.0872,0.0948,0.0823,0.0076,0.0068
197408,0.0896,0.0900,0.0977,0.0855,0.0077,-0.0041
197409,0.0806,0.0924,0.1018,0.0837,0.0094,0.0031
197410,0.0746,0.0927,0.1048,0.0795,0.0121,0.0049
197411,0.0747,0.0889,0.1060,0.0771,0.0171,0.0024
197412,0.0715,0.0889,0.1063,0.0760,0.0174,0.0045
197501,0.0626,0.0883,0.1081,0.0796,0.0198,0.0170
197502,0.0550,0.0862,0.1065,0.0788,0.0203,0.0238
197503,0.0549,0.0867,0.1048,0.0824,0.0181,0.0275
197504,0.0561,0.0895,0.1058,0.0852,0.0163,0.0291
197505,0.0523,0.0890,0.1069,0.0836,0.0179,0.0313
197506,0.0534,0.0877,0.1062,0.0813,0.0185,0.0279
197507,0.0613,0.0884,0.1055,0.0829,0.0171,0.0216
197508,0.0644,0.0895,0.1059,0.0844,0.0164,0.0200
197509,0.0642,0.0895,0.1061,0.0862,0.0166,0.0220
197510,0.0596,0.0886,0.1062,0.0819,0.0176,0.0223
197511,0.0548,0.0878,0.1056,0.0838,0.0178,0.0290
197512,0.0544,0.0879,0.1056,0.0805,0.0177,0.0261
197601,0.0487,0.0860,0.1041,0.0802,0.0181,0.0315
197602,0.0488,0.0855,0.1024,0.0802,0.0169,0.0314
197603,0.0500,0.0852,0.1012,0.0792,0.0160,0.0292
197604,0.0486,0.0840,0.0994,0.0797,0.0154,0.0311
197605,0.0520,0.0858,0.0986,0.0821,0.0128,0.0301
197606,0.0541,0.0862,0.0989,0.0807,0.0127,0.0266
197607,0.0523,0.0856,0.0982,0.0805,0.0126,0.0282
197608,0.0514,0.0845,0.0964,0.0790,0.0119,0.0276
197609,0.0508,0.0838,0.0940,0.0781,0.0102,0.0273
197610,0.0492,0.0832,0.0929,0.0779,0.0097,0.0287
197611,0.0475,0.0825,0.0923,0.0749,0.0098,0.0274
197612,0.0435,0.0798,0.0912,0.0721,0.0114,0.0286
197701,0.0462,0.0796,0.0908,0.0764,0.0112,0.0302
197702,0.0467,0.0804,0.0912,0.0775,0.0108,0.0308
197703,0.0460,0.0810,0.0912,0.0772,0.0102,0.0312
197704,0.0454,0.0804,0.0907,0.0771,0.0103,0.0317
197705,0.0496,0.0805,0.0901,0.0765,0.0096,0.0269
197706,0.0502,0.0795,0.0891,0.0754,0.0096,0.0252
197707,0.0519,0.0794,0.0887,0.0768,0.0093,0.0249
197708,0.0549,0.0798,0.0882,0.0754,0.0084,0.0205
197709,0.0581,0.0792,0.0880,0.0764,0.0088,0.0183
197710,0.0616,0.0804,0.0889,0.0781,0.0085,0.0165
197711,0.0610,0.0808,0.0895,0.0777,0.0087,0.0167
197712,0.0607,0.0819,0.0899,0.0803,0.0080,0.0196
197801,0.0644,0.0841,0.0917,0.0816,0.0076,0.0172
197802,0.0645,0.0847,0.0920,0.0822,0.0073,0.0177
197803,0.0629,0.0847,0.0922,0.0831,0.0075,0.0202
197804,0.0629,0.0856,0.0932,0.0838,0.0076,0.0209
197805,0.0641,0.0869,0.0949,0.0852,0.0080,0.0211
197806,0.0673,0.0876,0.0960,0.0865,0.0084,0.0192
197807,0.0701,0.0888,0.0960,0.0858,0.0072,0.0157
197808,0.0708,0.0869,0.0948,0.0843,0.0079,0.0135
197809,0.0785,0.0869,0.0942,0.0860,0.0073,0.0075
197810,0.0799,0.0889,0.0959,0.0889,0.0070,0.0090
197811,0.0864,0.0903,0.0983,0.0877,0.0080,0.0013
197812,0.0908,0.0916,0.0994,0.0898,0.0078,-0.0010
197901,0.0935,0.0925,0.1013,0.0886,0.0088,-0.0049
197902,0.0932,0.0926,0.1008,0.0908,0.0082,-0.0024
197903,0.0948,0.0937,0.1026,0.0902,0.0089,-0.0046
197904,0.0946,0.0938,0.1033,0.0922,0.0095,-0.0024
197905,0.0961,0.0950,0.1047,0.0903,0.0097,-0.0058
197906,0.0906,0.0929,0.1038,0.0877,0.0109,-0.0029
197907,0.0924,0.0920,0.1029,0.0895,0.0109,-0.0029
197908,0.0952,0.0923,0.1035,0.0907,0.0112,-0.0045
197909,0.1026,0.0944,0.1054,0.0927,0.0110,-0.0099
197910,0.1170,0.1013,0.1140,0.1034,0.0127,-0.0136
197911,0.1179,0.1076,0.1199,0.1009,0.0123,-0.0170
197912,0.1204,0.1074,0.1206,0.1012,0.0132,-0.0192
198001,0.1200,0.1109,0.1242,0.1114,0.0133,-0.0086
198002,0.1286,0.1238,0.1357,0.1186,0.0119,-0.0100
198003,0.1520,0.1296,0.1445,0.1239,0.0149,-0.0281
198004,0.1320,0.1204,0.1419,0.1076,0.0215,-0.0244
198005,0.0858,0.1099,0.1317,0.1037,0.0218,0.0179
198006,0.0707,0.1058,0.1271,0.1006,0.0213,0.0299
198007,0.0806,0.1107,0.1265,0.1074,0.0158,0.0268
198008,0.0913,0.1164,0.1315,0.1140,0.0151,0.0227
198009,0.1027,0.1202,0.1370,0.1185,0.0168,0.0158
198010,0.1162,0.1231,0.1423,0.1231,0.0192,0.0069
198011,0.1373,0.1297,0.1464,0.1230,0.0167,-0.0143
198012,0.1549,0.1321,0.1514,0.1199,0.0193,-0.0350
198101,0.1502,0.1281,0.1503,0.1211,0.0222,-0.0291
198102,0.1479,0.1335,0.1537,0.1283,0.0202,-0.0196
198103,0.1336,0.1333,0.1534,0.1248,0.0201,-0.0088
198104,0.1369,0.1388,0.1556,0.1332,0.0168,-0.0037
198105,0.1630,0.1432,0.1595,0.1265,0.0163,-0.0365
198106,0.1473,0.1375,0.1580,0.1304,0.0205,-0.0169
198107,0.1495,0.1438,0.1617,0.1370,0.0179,-0.0125
198108,0.1551,0.1489,0.1634,0.1445,0.0145,-0.0106
198109,0.1470,0.1549,0.1692,0.1482,0.0143,0.0012
198110,0.1354,0.1540,0.1711,0.1384,0.0171,0.0030
198111,0.1086,0.1422,0.1639,0.1220,0.0217,0.0134
198112,0.1085,0.1423,0.1655,0.1334,0.0232,0.0249
198201,0.1228,0.1518,0.1710,0.1415,0.0192,0.0187
198202,0.1348,0.1527,0.1718,0.1402,0.0191,0.0054
198203,0.1268,0.1458,0.1682,0.1387,0.0224,0.0119
198204,0.1270,0.1446,0.1678,0.1348,0.0232,0.0078
198205,0.1209,0.1426,0.1664,0.1358,0.0238,0.0149
198206,0.1247,0.1481,0.1692,0.1412,0.0211,0.0165
198207,0.1135,0.1461,0.1680,0.1352,0.0219,0.0217
198208,0.0868,0.1371,0.1632,0.1254,0.0261,0.0386
198209,0.0792,0.1294,0.1563,0.1183,0.0269,0.0391
198210,0.0771,0.1212,0.1473,0.1112,0.0261,0.0341
198211,0.0807,0.1168,0.1430,0.1125,0.0262,0.0318
198212,0.0794,0.1183,0.1414,0.1095,0.0231,0.0301
198301,0.0786,0.1179,0.1394,0.1113,0.0215,0.0327
198302,0.0811,0.1201,0.1395,0.1060,0.0194,0.0249
198303,0.0835,0.1173,0.1361,0.1083,0.0188,0.0248
198304,0.0821,0.1151,0.1329,0.1051,0.0178,0.0230
198305,0.0819,0.1146,0.1309,0.1112,0.0163,0.0293
198306,0.0879,0.1174,0.1337,0.1119,0.0163,0.0240
198307,0.0908,0.1215,0.1339,0.1198,0.0124,0.0290
198308,0.0934,0.1251,0.1364,0.1210,0.0113,0.0276
198309,0.0900,0.1237,0.1355,0.1157,0.0118,0.0257
198310,0.0864,0.1225,0.1346,0.1188,0.0121,0.0324
198311,0.0876,0.1241,0.1361,0.1176,0.0120,0.0300
198312,0.0900,0.1257,0.1375,0.1197,0.0118,0.0297
198401,0.0890,0.1220,0.1365,0.1180,0.0145,0.0290
198402,0.0909,0.1208,0.1359,0.1217,0.0151,0.0308
198403,0.0952,0.1257,0.1399,0.1253,0.0142,0.0301
198404,0.0969,0.1281,0.1431,0.1284,0.0150,0.0315
198405,0.0983,0.1328,0.1474,0.1381,0.0146,0.0398
198406,0.0987,0.1355,0.1505,0.1374,0.0150,0.0387
198407,0.1012,0.1344,0.1515,0.1293,0.0171,0.0281
198408,0.1047,0.1287,0.1463,0.1270,0.0176,0.0223
198409,0.1037,0.1266,0.1435,0.1235,0.0169,0.0198
198410,0.0974,0.1263,0.1394,0.1173,0.0131,0.0199
198411,0.0861,0.1229,0.1348,0.1169,0.0119,0.0308
198412,0.0806,0.1213,0.1340,0.1170,0.0127,0.0364
198501,0.0776,0.1208,0.1326,0.1127,0.0118,0.0351
198502,0.0827,0.1213,0.1323,0.1209,0.0110,0.0382
198503,0.0852,0.1256,0.1369,0.1181,0.0113,0.0329
198504,0.0795,0.1223,0.1351,0.1162,0.0128,0.0367
198505,0.0748,0.1172,0.1315,0.1062,0.0143,0.0314
198506,0.0695,0.1094,0.1240,0.1055,0.0146,0.0360
198507,0.0708,0.1097,0.1243,0.1091,0.0146,0.0383
198508,0.0714,0.1105,0.1250,0.1068,0.0145,0.0354
198509,0.0710,0.1107,0.1248,0.1082,0.0141,0.0372
198510,0.0716,0.1102,0.1236,0.1051,0.0134,0.0335
198511,0.0724,0.1055,0.1199,0.1011,0.0144,0.0287
198512,0.0710,0.1016,0.1158,0.0956,0.0142,0.0246
198601,0.0707,0.1005,0.1144,0.0958,0.0139,0.0251
198602,0.0706,0.0967,0.1111,0.0841,0.0144,0.0135
198603,0.0656,0.0900,0.1050,0.0766,0.0150,0.0110
198604,0.0606,0.0879,0.1019,0.0782,0.0140,0.0176
198605,0.0615,0.0909,0.1029,0.0848,0.0120,0.0233
198606,0.0621,0.0913,0.1034,0.0790,0.0121,0.0169
198607,0.0583,0.0888,0.1016,0.0809,0.0128,0.0226
198608,0.0553,0.0872,0.1018,0.0763,0.0146,0.0210
198609,0.0521,0.0889,0.1020,0.0827,0.0131,0.0306
198610,0.0518,0.0886,0.1024,0.0803,0.0138,0.0285
198611,0.0535,0.0868,0.1007,0.0779,0.0139,0.0244
198612,0.0553,0.0849,0.0997,0.0789,0.0148,0.0236
198701,0.0543,0.0836,0.0972,0.0778,0.0136,0.0235
198702,0.0559,0.0838,0.0965,0.0763,0.0127,0.0204
198703,0.0559,0.0836,0.0961,0.0795,0.0125,0.0236
198704,0.0564,0.0885,0.1004,0.0859,0.0119,0.0295
198705,0.0566,0.0933,0.1051,0.0880,0.0118,0.0314
198706,0.0567,0.0932,0.1052,0.0877,0.0120,0.0310
198707,0.0569,0.0942,0.1061,0.0907,0.0119,0.0338
198708,0.0604,0.0967,0.1080,0.0936,0.0113,0.0332
198709,0.0640,0.1018,0.1131,0.0992,0.0113,0.0352
198710,0.0613,0.1052,0.1162,0.0926,0.0110,0.0313
198711,0.0569,0.1001,0.1123,0.0931,0.0122,0.0362
198712,0.0577,0.1011,0.1129,0.0920,0.0118,0.0343
198801,0.0581,0.0988,0.1107,0.0852,0.0119,0.0271
198802,0.0566,0.0940,0.1062,0.0854,0.0122,0.0288
198803,0.0570,0.0939,0.1057,0.0901,0.0118,0.0331
198804,0.0591,0.0967,0.1090,0.0929,0.0123,0.0338
198805,0.0626,0.0990,0.1104,0.0952,0.0114,0.0326
198806,0.0646,0.0986,0.1100,0.0917,0.0114,0.0271
198807,0.0673,0.0996,0.1111,0.0947,0.0115,0.0274
198808,0.0706,0.1011,0.1121,0.0950,0.0110,0.0244
198809,0.0724,0.0982,0.1090,0.0917,0.0108,0.0193
198810,0.0735,0.0951,0.1041,0.0889,0.0090,0.0154
198811,0.0776,0.0945,0.1048,0.0923,0.0103,0.0147
198812,0.0807,0.0957,0.1065,0.0918,0.0108,0.0111
198901,0.0827,0.0962,0.1065,0.0903,0.0103,0.0076
198902,0.0853,0.0964,0.1061,0.0935,0.0097,0.0082
198903,0.0882,0.0980,0.1067,0.0929,0.0087,0.0047
198904,0.0865,0.0979,0.1061,0.0918,0.0082,0.0053
198905,0.0843,0.0957,0.1046,0.0878,0.0089,0.0035
198906,0.0815,0.0910,0.1003,0.0821,0.0093,0.0006
198907,0.0788,0.0893,0.0987,0.0801,0.0094,0.0013
198908,0.0790,0.0896,0.0988,0.0841,0.0092,0.0051
198909,0.0775,0.0901,0.0991,0.0847,0.0090,0.0072
198910,0.0764,0.0892,0.0981,0.0810,0.0089,0.0046
198911,0.0769,0.0889,0.0981,0.0808,0.0092,0.0039
198912,0.0763,0.0886,0.0982,0.0816,0.0096,0.0053
199001,0.0764,0.0899,0.0994,0.0865,0.0095,0.0101
199002,0.0774,0.0922,0.1014,0.0876,0.0092,0.0102
199003,0.0790,0.0937,0.1021,0.0889,0.0084,0.0099
199004,0.0777,0.0946,0.1030,0.0924,0.0084,0.0147
199005,0.0774,0.0947,0.1041,0.0883,0.0094,0.0109
199006,0.0773,0.0926,0.1022,0.0864,0.0096,0.0091
199007,0.0762,0.0924,0.1020,0.0860,0.0096,0.0098
199008,0.0745,0.0941,0.1041,0.0920,0.0100,0.0175
199009,0.0736,0.0956,0.1064,0.0914,0.0108,0.0178
199010,0.0717,0.0953,0.1074,0.0898,0.0121,0.0181
199011,0.0706,0.0930,0.1062,0.0858,0.0132,0.0152
199012,0.0674,0.0905,0.1043,0.0844,0.0138,0.0170
199101,0.0622,0.0904,0.1045,0.0837,0.0141,0.0215
199102,0.0594,0.0883,0.1007,0.0841,0.0124,0.0247
199103,0.0591,0.0893,0.1009,0.0844,0.0116,0.0253
199104,0.0565,0.0886,0.0994,0.0837,0.0108,0.0272
199105,0.0546,0.0886,0.0986,0.0845,0.0100,0.0299
199106,0.0557,0.0901,0.0996,0.0860,0.0095,0.0303
199107,0.0558,0.0900,0.0989,0.0850,0.0089,0.0292
199108,0.0533,0.0875,0.0965,0.0818,0.0090,0.0285
199109,0.0522,0.0861,0.0951,0.0790,0.0090,0.0268
199110,0.0499,0.0855,0.0949,0.0791,0.0094,0.0292
199111,0.0456,0.0848,0.0945,0.0789,0.0097,0.0333
199112,0.0407,0.0831,0.0926,0.0730,0.0095,0.0323
199201,0.0380,0.0820,0.0913,0.0776,0.0093,0.0396
199202,0.0384,0.0829,0.0923,0.0777,0.0094,0.0393
199203,0.0404,0.0835,0.0925,0.0797,0.0090,0.0393
199204,0.0375,0.0833,0.0921,0.0803,0.0088,0.0428
199205,0.0363,0.0828,0.0913,0.0781,0.0085,0.0418
199206,0.0366,0.0822,0.0905,0.0765,0.0083,0.0399
199207,0.0321,0.0807,0.0884,0.0726,0.0077,0.0405
199208,0.0313,0.0795,0.0865,0.0725,0.0070,0.0412
199209,0.0291,0.0792,0.0862,0.0710,0.0070,0.0419
199210,0.0286,0.0799,0.0884,0.0741,0.0085,0.0455
199211,0.0313,0.0810,0.0896,0.0748,0.0086,0.0435
199212,0.0322,0.0798,0.0881,0.0726,0.0083,0.0404
199301,0.0300,0.0791,0.0867,0.0725,0.0076,0.0425
199302,0.0293,0.0771,0.0839,0.0698,0.0068,0.0405
199303,0.0295,0.0758,0.0815,0.0702,0.0057,0.0407
199304,0.0287,0.0746,0.0814,0.0701,0.0068,0.0414
199305,0.0296,0.0743,0.0821,0.0701,0.0078,0.0405
199306,0.0307,0.0733,0.0807,0.0668,0.0074,0.0361
199307,0.0304,0.0717,0.0793,0.0656,0.0076,0.0352
199308,0.0302,0.0685,0.0760,0.0623,0.0075,0.0321
199309,0.0295,0.0666,0.0734,0.0627,0.0068,0.0332
199310,0.0302,0.0667,0.0731,0.0623,0.0064,0.0321
199311,0.0310,0.0693,0.0766,0.0651,0.0073,0.0341
199312,0.0306,0.0693,0.0769,0.0654,0.0076,0.0348
199401,0.0298,0.0692,0.0765,0.0637,0.0073,0.0339
199402,0.0325,0.0708,0.0776,0.0682,0.0068,0.0357
199403,0.0350,0.0748,0.0813,0.0725,0.0065,0.0375
199404,0.0368,0.0788,0.0852,0.0745,0.0064,0.0377
199405,0.0414,0.0799,0.0862,0.0759,0.0063,0.0345
199406,0.0414,0.0797,0.0865,0.0774,0.0068,0.0360
199407,0.0433,0.0811,0.0880,0.0746,0.0069,0.0313
199408,0.0448,0.0807,0.0874,0.0761,0.0067,0.0313
199409,0.0462,0.0834,0.0898,0.0800,0.0064,0.0338
199410,0.0495,0.0857,0.0920,0.0809,0.0063,0.0314
199411,0.0529,0.0868,0.0932,0.0808,0.0064,0.0279
199412,0.0560,0.0846,0.0910,0.0799,0.0064,0.0239
199501,0.0571,0.0846,0.0908,0.0780,0.0062,0.0209
199502,0.0577,0.0826,0.0885,0.0758,0.0059,0.0181
199503,0.0573,0.0812,0.0870,0.0755,0.0058,0.0182
199504,0.0565,0.0803,0.0860,0.0745,0.0057,0.0180
199505,0.0567,0.0765,0.0820,0.0677,0.0055,0.0110
199506,0.0547,0.0730,0.0790,0.0670,0.0060,0.0123
199507,0.0542,0.0741,0.0804,0.0691,0.0063,0.0149
199508,0.0540,0.0757,0.0819,0.0674,0.0062,0.0134
199509,0.0528,0.0732,0.0793,0.0663,0.0061,0.0135
199510,0.0528,0.0712,0.0775,0.0641,0.0063,0.0113
199511,0.0536,0.0702,0.0768,0.0623,0.0066,0.0087
199512,0.0514,0.0682,0.0749,0.0603,0.0067,0.0089
199601,0.0500,0.0681,0.0747,0.0609,0.0066,0.0109
199602,0.0483,0.0699,0.0763,0.0659,0.0064,0.0176
199603,0.0496,0.0735,0.0803,0.0684,0.0068,0.0188
199604,0.0495,0.0750,0.0819,0.0706,0.0069,0.0211
199605,0.0502,0.0762,0.0830,0.0717,0.0068,0.0215
199606,0.0509,0.0771,0.0840,0.0703,0.0069,0.0194
199607,0.0515,0.0765,0.0835,0.0707,0.0070,0.0192
199608,0.0505,0.0746,0.0818,0.0726,0.0072,0.0221
199609,0.0509,0.0766,0.0835,0.0704,0.0069,0.0195
199610,0.0499,0.0739,0.0807,0.0671,0.0068,0.0172
199611,0.0503,0.0710,0.0779,0.0643,0.0069,0.0140
199612,0.0491,0.0720,0.0789,0.0673,0.0069,0.0182
199701,0.0503,0.0742,0.0809,0.0689,0.0067,0.0186
199702,0.0501,0.0731,0.0794,0.0694,0.0063,0.0193
199703,0.0514,0.0755,0.0818,0.0723,0.0063,0.0209
199704,0.0516,0.0773,0.0834,0.0705,0.0061,0.0189
199705,0.0505,0.0758,0.0820,0.0701,0.0062,0.0196
199706,0.0493,0.0741,0.0802,0.0688,0.0061,0.0195
199707,0.0505,0.0714,0.0775,0.0637,0.0061,0.0132
199708,0.0514,0.0722,0.0782,0.0672,0.0060,0.0158
199709,0.0495,0.0715,0.0770,0.0649,0.0055,0.0154
199710,0.0497,0.0700,0.0757,0.0623,0.0057,0.0126
199711,0.0514,0.0687,0.0742,0.0614,0.0055,0.0100
199712,0.0516,0.0676,0.0732,0.0602,0.0056,0.0086
199801,0.0504,0.0661,0.0719,0.0589,0.0058,0.0085
199802,0.0509,0.0667,0.0725,0.0599,0.0058,0.0090
199803,0.0503,0.0672,0.0732,0.0602,0.0060,0.0099
199804,0.0495,0.0669,0.0733,0.0604,0.0064,0.0109
199805,0.0500,0.0669,0.0730,0.0592,0.0061,0.0092
199806,0.0498,0.0653,0.0713,0.0576,0.0060,0.0078
199807,0.0496,0.0655,0.0715,0.0584,0.0060,0.0088
199808,0.0490,0.0652,0.0714,0.0547,0.0062,0.0057
199809,0.0461,0.0640,0.0709,0.0517,0.0069,0.0056
199810,0.0396,0.0637,0.0718,0.0540,0.0081,0.0144
199811,0.0441,0.0641,0.0734,0.0535,0.0093,0.0094
199812,0.0439,0.0622,0.0723,0.0542,0.0101,0.0103
199901,0.0434,0.0624,0.0729,0.0536,0.0105,0.0102
199902,0.0444,0.0640,0.0739,0.0587,0.0099,0.0143
199903,0.0444,0.0662,0.0753,0.0592,0.0091,0.0148
199904,0.0429,0.0664,0.0748,0.0594,0.0084,0.0165
199905,0.0450,0.0693,0.0772,0.0615,0.0079,0.0165
199906,0.0457,0.0723,0.0802,0.0627,0.0079,0.0170
199907,0.0455,0.0719,0.0795,0.0639,0.0076,0.0184
199908,0.0472,0.0740,0.0815,0.0649,0.0075,0.0177
199909,0.0468,0.0739,0.0820,0.0646,0.0081,0.0178
199910,0.0486,0.0755,0.0838,0.0651,0.0083,0.0165
199911,0.0507,0.0736,0.0815,0.0662,0.0079,0.0155
199912,0.0520,0.0755,0.0819,0.0682,0.0064,0.0162
200001,0.0532,0.0778,0.0833,0.0666,0.0055,0.0134
200002,0.0555,0.0768,0.0829,0.0646,0.0061,0.0091
200003,0.0569,0.0768,0.0837,0.0618,0.0069,0.0049
200004,0.0566,0.0764,0.0840,0.0630,0.0076,0.0064
200005,0.0579,0.0799,0.0890,0.0640,0.0091,0.0061
200006,0.0569,0.0767,0.0848,0.0622,0.0081,0.0053
200007,0.0596,0.0765,0.0835,0.0611,0.0070,0.0015
200008,0.0609,0.0755,0.0826,0.0594,0.0071,-0.0015
200009,0.0600,0.0762,0.0835,0.0612,0.0073,0.0012
200010,0.0611,0.0755,0.0834,0.0600,0.0079,-0.0011
200011,0.0617,0.0745,0.0828,0.0576,0.0083,-0.0041
200012,0.0577,0.0721,0.0802,0.0558,0.0081,-0.0019
200101,0.0515,0.0715,0.0793,0.0562,0.0078,0.0047
200102,0.0488,0.0710,0.0787,0.0549,0.0077,0.0061
200103,0.0442,0.0698,0.0784,0.0559,0.0086,0.0117
200104,0.0387,0.0720,0.0807,0.0593,0.0087,0.0206
200105,0.0362,0.0729,0.0807,0.0594,0.0078,0.0232
200106,0.0349,0.0718,0.0797,0.0590,0.0079,0.0241
200107,0.0351,0.0713,0.0797,0.0561,0.0084,0.0210
200108,0.0336,0.0702,0.0785,0.0546,0.0083,0.0210
200109,0.0264,0.0717,0.0803,0.0542,0.0086,0.0278
200110,0.0216,0.0703,0.0791,0.0506,0.0088,0.0290
200111,0.0187,0.0697,0.0781,0.0553,0.0084,0.0366
200112,0.0169,0.0677,0.0805,0.0575,0.0128,0.0406
200201,0.0165,0.0655,0.0787,0.0569,0.0132,0.0404
200202,0.0172,0.0651,0.0789,0.0563,0.0138,0.0391
200203,0.0179,0.0681,0.0811,0.0604,0.0130,0.0425
200204,0.0171,0.0676,0.0803,0.0575,0.0127,0.0404
200205,0.0173,0.0675,0.0809,0.0578,0.0134,0.0405
200206,0.0170,0.0663,0.0795,0.0566,0.0132,0.0396
200207,0.0168,0.0653,0.0790,0.0544,0.0137,0.0376
200208,0.0162,0.0637,0.0758,0.0510,0.0121,0.0348
200209,0.0163,0.0615,0.0740,0.0480,0.0125,0.0317
200210,0.0158,0.0632,0.0773,0.0508,0.0141,0.0350
200211,0.0123,0.0631,0.0762,0.0521,0.0131,0.0398
200212,0.0119,0.0621,0.0745,0.0484,0.0124,0.0365
200301,0.0117,0.0617,0.0735,0.0495,0.0118,0.0378
200302,0.0117,0.0595,0.0706,0.0472,0.0111,0.0355
200303,0.0113,0.0589,0.0695,0.0486,0.0106,0.0373
200304,0.0113,0.0574,0.0685,0.0481,0.0111,0.0368
200305,0.0107,0.0522,0.0638,0.0436,0.0116,0.0329
200306,0.0092,0.0497,0.0619,0.0452,0.0122,0.0360
200307,0.0090,0.0549,0.0662,0.0542,0.0113,0.0452
200308,0.0095,0.0588,0.0701,0.0532,0.0113,0.0437
200309,0.0094,0.0572,0.0679,0.0490,0.0107,0.0396
200310,0.0092,0.0570,0.0673,0.0518,0.0103,0.0426
200311,0.0093,0.0565,0.0666,0.0519,0.0101,0.0426
200312,0.0090,0.0562,0.0660,0.0511,0.0098,0.0421
200401,0.0088,0.0554,0.0644,0.0499,0.0090,0.0411
200402,0.0093,0.0550,0.0627,0.0483,0.0077,0.0390
200403,0.0094,0.0533,0.0611,0.0474,0.0078,0.0380
200404,0.0094,0.0573,0.0646,0.0531,0.0073,0.0437
200405,0.0102,0.0604,0.0675,0.0539,0.0071,0.0437
200406,0.0127,0.0601,0.0678,0.0532,0.0077,0.0405
200407,0.0133,0.0582,0.0662,0.0523,0.0080,0.0390
200408,0.0148,0.0565,0.0646,0.0493,0.0081,0.0345
200409,0.0165,0.0546,0.0627,0.0488,0.0081,0.0323
200410,0.0176,0.0547,0.0621,0.0478,0.0074,0.0302
200411,0.0207,0.0552,0.0620,0.0502,0.0068,0.0295
200412,0.0219,0.0547,0.0615,0.0484,0.0068,0.0265
200501,0.0233,0.0536,0.0602,0.0465,0.0066,0.0232
200502,0.0254,0.0520,0.0582,0.0479,0.0062,0.0225
200503,0.0274,0.0540,0.0606,0.0488,0.0066,0.0214
200504,0.0278,0.0533,0.0605,0.0461,0.0072,0.0183
200505,0.0284,0.0515,0.0601,0.0440,0.0086,0.0156
200506,0.0297,0.0496,0.0586,0.0429,0.0090,0.0132
200507,0.0322,0.0506,0.0595,0.0456,0.0089,0.0134
200508,0.0344,0.0509,0.0596,0.0432,0.0087,0.0088
200509,0.0342,0.0513,0.0603,0.0464,0.0090,0.0122
200510,0.0371,0.0535,0.0630,0.0484,0.0095,0.0113
200511,0.0388,0.0542,0.0639,0.0481,0.0097,0.0093
200512,0.0389,0.0537,0.0632,0.0461,0.0095,0.0072
200601,0.0424,0.0529,0.0624,0.0474,0.0095,0.0050
200602,0.0443,0.0535,0.0627,0.0457,0.0092,0.0014
200603,0.0451,0.0553,0.0641,0.0507,0.0088,0.0056
200604,0.0460,0.0584,0.0668,0.0532,0.0084,0.0072
200605,0.0472,0.0595,0.0675,0.0535,0.0080,0.0063
200606,0.0479,0.0589,0.0678,0.0531,0.0089,0.0052
200607,0.0495,0.0585,0.0676,0.0518,0.0091,0.0023
200608,0.0496,0.0568,0.0659,0.0496,0.0091,0.0000
200609,0.0481,0.0551,0.0643,0.0484,0.0092,0.0003
200610,0.0492,0.0551,0.0642,0.0481,0.0091,-0.0011
200611,0.0494,0.0533,0.0620,0.0467,0.0087,-0.0027
200612,0.0485,0.0532,0.0622,0.0491,0.0090,0.0006
200701,0.0498,0.0540,0.0634,0.0502,0.0094,0.0004
200702,0.0503,0.0539,0.0628,0.0477,0.0089,-0.0026
200703,0.0494,0.0530,0.0627,0.0493,0.0097,-0.0001
200704,0.0487,0.0547,0.0639,0.0489,0.0092,0.0002
200705,0.0473,0.0547,0.0639,0.0510,0.0092,0.0037
200706,0.0461,0.0579,0.0670,0.0521,0.0091,0.0060
200707,0.0482,0.0573,0.0665,0.0501,0.0092,0.0019
200708,0.0420,0.0579,0.0665,0.0487,0.0086,0.0067
200709,0.0389,0.0574,0.0659,0.0489,0.0085,0.0100
200710,0.0390,0.0566,0.0648,0.0480,0.0082,0.0090
200711,0.0327,0.0544,0.0640,0.0445,0.0096,0.0118
200712,0.0300,0.0549,0.0665,0.0450,0.0116,0.0150
200801,0.0275,0.0533,0.0654,0.0436,0.0121,0.0161
200802,0.0212,0.0553,0.0682,0.0438,0.0129,0.0226
200803,0.0126,0.0551,0.0689,0.0432,0.0138,0.0306
200804,0.0129,0.0555,0.0697,0.0458,0.0142,0.0329
200805,0.0173,0.0557,0.0693,0.0475,0.0136,0.0302
200806,0.0186,0.0568,0.0707,0.0460,0.0139,0.0274
200807,0.0163,0.0567,0.0716,0.0465,0.0149,0.0302
200808,0.0172,0.0564,0.0715,0.0449,0.0151,0.0277
200809,0.0113,0.0565,0.0731,0.0443,0.0166,0.0330
200810,0.0067,0.0628,0.0888,0.0478,0.0260,0.0411
200811,0.0019,0.0612,0.0921,0.0372,0.0309,0.0353
200812,0.0003,0.0505,0.0843,0.0303,0.0338,0.0300
200901,0.0013,0.0505,0.0814,0.0394,0.0309,0.0381
200902,0.0030,0.0527,0.0808,0.0401,0.0281,0.0371
200903,0.0021,0.0550,0.0842,0.0355,0.0292,0.0334
200904,0.0016,0.0539,0.0839,0.0410,0.0300,0.0394
200905,0.0018,0.0554,0.0806,0.0432,0.0252,0.0414
200906,0.0018,0.0561,0.0750,0.0429,0.0189,0.0411
200907,0.0018,0.0541,0.0709,0.0430,0.0168,0.0412
200908,0.0017,0.0526,0.0658,0.0415,0.0132,0.0398
200909,0.0012,0.0513,0.0631,0.0403,0.0118,0.0391
200910,0.0007,0.0515,0.0629,0.0420,0.0114,0.0413
200911,0.0005,0.0519,0.0632,0.0406,0.0113,0.0401
200912,0.0005,0.0526,0.0637,0.0458,0.0111,0.0453
201001,0.0006,0.0526,0.0625,0.0441,0.0099,0.0435
201002,0.0011,0.0535,0.0634,0.0441,0.0099,0.0430
201003,0.0015,0.0527,0.0627,0.0458,0.0100,0.0443
201004,0.0016,0.0529,0.0625,0.0437,0.0096,0.0421
201005,0.0016,0.0496,0.0605,0.0407,0.0109,0.0391
201006,0.0012,0.0488,0.0623,0.0376,0.0135,0.0364
201007,0.0016,0.0472,0.0601,0.0377,0.0129,0.0361
201008,0.0016,0.0449,0.0566,0.0327,0.0117,0.0311
201009,0.0015,0.0453,0.0566,0.0341,0.0113,0.0326
201010,0.0013,0.0468,0.0572,0.0367,0.0104,0.0354
201011,0.0014,0.0487,0.0592,0.0380,0.0105,0.0366
201012,0.0014,0.0502,0.0610,0.0414,0.0108,0.0400
201101,0.0015,0.0504,0.0609,0.0432,0.0105,0.0417
201102,0.0013,0.0522,0.0615,0.0426,0.0093,0.0413
201103,0.0010,0.0513,0.0603,0.0429,0.0090,0.0419
201104,0.0006,0.0516,0.0602,0.0416,0.0086,0.0410
201105,0.0004,0.0496,0.0578,0.0391,0.0082,0.0387
201106,0.0004,0.0499,0.0575,0.0409,0.0076,0.0405
201107,0.0004,0.0493,0.0576,0.0378,0.0083,0.0374
201108,0.0002,0.0437,0.0536,0.0315,0.0099,0.0313
201109,0.0001,0.0409,0.0527,0.0265,0.0118,0.0264
201110,0.0002,0.0398,0.0537,0.0291,0.0139,0.0289
201111,0.0001,0.0387,0.0514,0.0273,0.0127,0.0272
201112,0.0001,0.0393,0.0525,0.0255,0.0132,0.0254
201201,0.0003,0.0385,0.0523,0.0249,0.0138,0.0246
201202,0.0009,0.0385,0.0514,0.0272,0.0129,0.0263
201203,0.0008,0.0399,0.0523,0.0297,0.0124,0.0289
201204,0.0008,0.0396,0.0519,0.0268,0.0123,0.0260
201205,0.0009,0.0380,0.0507,0.0221,0.0127,0.0212
201206,0.0009,0.0364,0.0502,0.0233,0.0138,0.0224
201207,0.0010,0.0340,0.0487,0.0216,0.0147,0.0206
201208,0.0010,0.0348,0.0491,0.0223,0.0143,0.0213
201209,0.0011,0.0349,0.0484,0.0235,0.0135,0.0224
201210,0.0010,0.0347,0.0458,0.0238,0.0111,0.0228
201211,0.0009,0.0350,0.0451,0.0228,0.0101,0.0219
201212,0.0007,0.0365,0.0463,0.0246,0.0098,0.0239
201301,0.0007,0.0380,0.0473,0.0291,0.0093,0.0284
201302,0.0010,0.0390,0.0485,0.0285,0.0095,0.0275
201303,0.0009,0.0393,0.0485,0.0287,0.0092,0.0278
201304,0.0006,0.0373,0.0459,0.0264,0.0086,0.0258
201305,0.0004,0.0389,0.0473,0.0309,0.0084,0.0305
201306,0.0005,0.0427,0.0519,0.0330,0.0092,0.0325
201307,0.0004,0.0434,0.0532,0.0344,0.0098,0.0340
201308,0.0004,0.0454,0.0542,0.0351,0.0088,0.0347
201309,0.0002,0.0464,0.0547,0.0349,0.0083,0.0347
201310,0.0005,0.0453,0.0531,0.0342,0.0078,0.0337
201311,0.0007,0.0463,0.0538,0.0361,0.0075,0.0354
201312,0.0007,0.0462,0.0538,0.0378,0.0076,0.0371
201401,0.0004,0.0449,0.0519,0.0342,0.0070,0.0338
201402,0.0005,0.0445,0.0510,0.0339,0.0065,0.0334
201403,0.0005,0.0438,0.0506,0.0337,0.0068,0.0332
201404,0.0003,0.0424,0.0490,0.0326,0.0066,0.0323
201405,0.0003,0.0416,0.0476,0.0309,0.0060,0.0306
201406,0.0004,0.0425,0.0480,0.0313,0.0055,0.0309
201407,0.0003,0.0416,0.0473,0.0310,0.0057,0.0307
201408,0.0003,0.0408,0.0469,0.0287,0.0061,0.0284
201409,0.0002,0.0411,0.0480,0.0300,0.0069,0.0298
201410,0.0002,0.0392,0.0469,0.0282,0.0077,0.0280
201411,0.0002,0.0392,0.0479,0.0264,0.0087,0.0262
201412,0.0003,0.0379,0.0474,0.0246,0.0095,0.0243
201501,0.0003,0.0346,0.0445,0.0200,0.0099,0.0197
201502,0.0002,0.0361,0.0451,0.0238,0.0090,0.0236
201503,0.0003,0.0364,0.0454,0.0230,0.0090,0.0227
201504,0.0002,0.0352,0.0448,0.0249,0.0096,0.0247
201505,0.0002,0.0398,0.0489,0.0262,0.0091,0.0260
201506,0.0002,0.0419,0.0513,0.0285,0.0094,0.0283
201507,0.0003,0.0415,0.0520,0.0263,0.0105,0.0260
201508,0.0007,0.0404,0.0519,0.0264,0.0115,0.0257
201509,0.0002,0.0407,0.0534,0.0253,0.0127,0.0251
201510,0.0002,0.0395,0.0534,0.0259,0.0139,0.0257
201511,0.0012,0.0406,0.0546,0.0265,0.0140,0.0253
201512,0.0023,0.0397,0.0546,0.0268,0.0149,0.0245
201601,0.0026,0.0400,0.0545,0.0236,0.0145,0.0210
201602,0.0031,0.0396,0.0534,0.0217,0.0138,0.0186
201603,0.0029,0.0382,0.0513,0.0218,0.0131,0.0189
201604,0.0023,0.0362,0.0479,0.0223,0.0117,0.0200
201605,0.0027,0.0365,0.0468,0.0219,0.0103,0.0192
201606,0.0027,0.0350,0.0453,0.0179,0.0103,0.0152
201607,0.0030,0.0328,0.0422,0.0175,0.0094,0.0145
201608,0.003,0.0332,0.0424,0.0186,0.0092,0.0156
201609,0.0029,0.0341,0.0431,0.0196,0.0090,0.0167
201610,0.0033,0.0351,0.0438,0.0220,0.0087,0.0187
201611,0.0045,0.0386,0.0471,0.0267,0.0085,0.0222
201612,0.0051,0.0406,0.0483,0.0272,0.0077,0.0221
201701,0.0051,0.0392,0.0466,0.0278,0.0074,0.0227
201702,0.0052,0.0395,0.0464,0.0270,0.0069,0.0218
201703,0.0074,0.0401,0.0468,0.0274,0.0067,0.0200
201704,0.0080,0.0387,0.0457,0.0265,0.0070,0.0185
201705,0.0089,0.0385,0.0455,0.0256,0.0070,0.0167
201706,0.0098,0.0368,0.0437,0.0258,0.0069,0.0160
201707,0.0107,0.0370,0.0439,0.0262,0.0069,0.0155
201708,0.0101,0.0363,0.0431,0.0242,0.0068,0.0141
201709,0.0103,0.0363,0.0430,0.0259,0.0067,0.0156
201710,0.0107,0.0360,0.0432,0.0261,0.0072,0.0154
201711,0.0123,0.0357,0.0427,0.0260,0.0070,0.0137
201712,0.0132,0.0351,0.0422,0.0254,0.0071,0.0122
201801,0.0141,0.0355,0.0426,0.0284,0.0071,0.0143
201802,0.0157,0.0382,0.0451,0.0301,0.0069,0.0144
201803,0.0170,0.0387,0.0464,0.0285,0.0077,0.0115
201804,0.0176,0.0385,0.0467,0.0300,0.0082,0.0124
201805,0.0186,0.0400,0.0483,0.0289,0.0083,0.0103
201806,0.0190,0.0396,0.0483,0.0291,0.0087,0.0101
201807,0.0196,0.0387,0.0479,0.0302,0.0092,0.0106
201808,0.0203,0.0388,0.0477,0.0293,0.0089,0.0090
201809,0.0213,0.0398,0.0488,0.0334,0.0090,0.0121
201810,0.0225,0.0414,0.0507,0.0352,0.0093,0.0127
201811,0.0233,0.0422,0.0522,0.0317,0.0100,0.0084
201812,0.0237,0.0402,0.0513,0.0284,0.0111,0.0047
201901,0.0237,0.0393,0.0512,0.0271,0.0119,0.0034
201902,0.0239,0.0379,0.0495,0.0268,0.0116,0.0029
201903,0.0240,0.0377,0.0484,0.0257,0.0107,0.0017
201904,0.0238,0.0369,0.0470,0.0253,0.0101,0.0015
201905,0.0235,0.0367,0.0463,0.0240,0.0096,0.0005
201906,0.0217,0.0342,0.0446,0.0207,0.0104,-0.0010
201907,0.0210,0.0329,0.0428,0.0206,0.0099,-0.0004
201908,0.0195,0.0298,0.0387,0.0163,0.0089,-0.0032
201909,0.0189,0.0303,0.0391,0.0170,0.0088,-0.0019
201910,0.0165,0.0301,0.0392,0.0171,0.0091,0.0006
201911,0.0154,0.0306,0.0394,0.0181,0.0088,0.0027
201912,0.0154,0.0301,0.0388,0.0186,0.0087,0.0032
202001,0.0152,0.0294,0.0377,0.0176,0.0083,0.0024
202002,0.0152,0.0278,0.0361,0.0150,0.0083,-0.0002
202003,0.0029,0.0302,0.0429,0.0087,0.0127,0.0058
202004,0.0014,0.0243,0.0413,0.0066,0.0170,0.0052
202005,0.0013,0.0250,0.0395,0.0067,0.0145,0.0054
202006,0.0016,0.0244,0.0364,0.0073,0.0120,0.0057
202007,0.0013,0.0214,0.0331,0.0062,0.0117,0.0049
202008,0.0010,0.0225,0.0327,0.0065,0.0102,0.0055
202009,0.0011,0.0231,0.0336,0.0068,0.0105,0.0057
202010,0.0010,0.0235,0.0344,0.0079,0.0109,0.0069
202011,0.0009,0.0230,0.0330,0.0087,0.0100,0.0078
202012,0.0009,0.0226,0.0316,0.0093,0.0090,0.0084
202101,0.0008,0.0245,0.0324,0.0108,0.0079,0.0100
202102,0.0004,0.0270,0.0342,0.0126,0.0072,0.0122
202103,0.0003,0.0304,0.0374,0.0161,0.0070,0.0158
202104,0.0002,0.0290,0.0360,0.0164,0.0070,0.0162
202105,0.0002,0.0296,0.0362,0.0162,0.0066,0.0160
202106,0.0004,0.0279,0.0344,0.0152,0.0065,0.0148
202107,0.0005,0.0257,0.0324,0.0132,0.0067,0.0127
202108,0.0005,0.0255,0.0324,0.0128,0.0069,0.0123
202109,0.0004,0.0253,0.0323,0.0137,0.0070,0.0133
202110,0.0005,0.0268,0.0335,0.0158,0.0067,0.0153
202111,0.0005,0.0262,0.0328,0.0156,0.0066,0.0151
202112,0.0006,0.0265,0.0330,0.0147,0.0065,0.0141
202201,0.0015,0.0293,0.0358,0.0176,0.0065,0.0161
202202,0.0033,0.0325,0.0397,0.0193,0.0072,0.0160
202203,0.0044,0.0343,0.0429,0.0213,0.0086,0.0169
202204,0.0076,0.0376,0.0466,0.0275,0.0090,0.0199
202205,0.0098,0.0413,0.0512,0.0290,0.0099,0.0192
202206,0.0149,0.0424,0.0527,0.0314,0.0103,0.0165
202207,0.0223,0.0406,0.0521,0.0290,0.0115,0.0067
202208,0.0263,0.0407,0.0515,0.0290,0.0108,0.0027
202209,0.0313,0.0459,0.0569,0.0352,0.0110,0.0039
202210,0.0372,0.0510,0.0626,0.0398,0.0116,0.0026
202211,0.0415,0.0490,0.0607,0.0389,0.0117,-0.0026
202212,0.0425,0.0443,0.0559,0.0362,0.0116,-0.0063
,,,,,,
,,,,,,
,,,,,,
,,,,,,
,,,,,,
,,,,,,