"","date","series_id","value","realtime_start","realtime_end"
"1",1947-01-01,"CWSR0000SA0L1",21.2,2023-06-14,2023-06-14
"2",1947-02-01,"CWSR0000SA0L1",21.3,2023-06-14,2023-06-14
"3",1947-03-01,"CWSR0000SA0L1",21.4,2023-06-14,2023-06-14
"4",1947-04-01,"CWSR0000SA0L1",21.5,2023-06-14,2023-06-14
"5",1947-05-01,"CWSR0000SA0L1",21.6,2023-06-14,2023-06-14
"6",1947-06-01,"CWSR0000SA0L1",21.7,2023-06-14,2023-06-14
"7",1947-07-01,"CWSR0000SA0L1",21.8,2023-06-14,2023-06-14
"8",1947-08-01,"CWSR0000SA0L1",21.9,2023-06-14,2023-06-14
"9",1947-09-01,"CWSR0000SA0L1",22.1,2023-06-14,2023-06-14
"10",1947-10-01,"CWSR0000SA0L1",22.2,2023-06-14,2023-06-14
"11",1947-11-01,"CWSR0000SA0L1",22.4,2023-06-14,2023-06-14
"12",1947-12-01,"CWSR0000SA0L1",22.5,2023-06-14,2023-06-14
"13",1948-01-01,"CWSR0000SA0L1",22.7,2023-06-14,2023-06-14
"14",1948-02-01,"CWSR0000SA0L1",22.9,2023-06-14,2023-06-14
"15",1948-03-01,"CWSR0000SA0L1",22.9,2023-06-14,2023-06-14
"16",1948-04-01,"CWSR0000SA0L1",23.1,2023-06-14,2023-06-14
"17",1948-05-01,"CWSR0000SA0L1",23.2,2023-06-14,2023-06-14
"18",1948-06-01,"CWSR0000SA0L1",23.3,2023-06-14,2023-06-14
"19",1948-07-01,"CWSR0000SA0L1",23.6,2023-06-14,2023-06-14
"20",1948-08-01,"CWSR0000SA0L1",23.7,2023-06-14,2023-06-14
"21",1948-09-01,"CWSR0000SA0L1",23.7,2023-06-14,2023-06-14
"22",1948-10-01,"CWSR0000SA0L1",23.8,2023-06-14,2023-06-14
"23",1948-11-01,"CWSR0000SA0L1",23.8,2023-06-14,2023-06-14
"24",1948-12-01,"CWSR0000SA0L1",23.8,2023-06-14,2023-06-14
"25",1949-01-01,"CWSR0000SA0L1",23.7,2023-06-14,2023-06-14
"26",1949-02-01,"CWSR0000SA0L1",23.7,2023-06-14,2023-06-14
"27",1949-03-01,"CWSR0000SA0L1",23.7,2023-06-14,2023-06-14
"28",1949-04-01,"CWSR0000SA0L1",23.7,2023-06-14,2023-06-14
"29",1949-05-01,"CWSR0000SA0L1",23.6,2023-06-14,2023-06-14
"30",1949-06-01,"CWSR0000SA0L1",23.7,2023-06-14,2023-06-14
"31",1949-07-01,"CWSR0000SA0L1",23.6,2023-06-14,2023-06-14
"32",1949-08-01,"CWSR0000SA0L1",23.5,2023-06-14,2023-06-14
"33",1949-09-01,"CWSR0000SA0L1",23.5,2023-06-14,2023-06-14
"34",1949-10-01,"CWSR0000SA0L1",23.6,2023-06-14,2023-06-14
"35",1949-11-01,"CWSR0000SA0L1",23.5,2023-06-14,2023-06-14
"36",1949-12-01,"CWSR0000SA0L1",23.6,2023-06-14,2023-06-14
"37",1950-01-01,"CWSR0000SA0L1",23.6,2023-06-14,2023-06-14
"38",1950-02-01,"CWSR0000SA0L1",23.6,2023-06-14,2023-06-14
"39",1950-03-01,"CWSR0000SA0L1",23.6,2023-06-14,2023-06-14
"40",1950-04-01,"CWSR0000SA0L1",23.6,2023-06-14,2023-06-14
"41",1950-05-01,"CWSR0000SA0L1",23.7,2023-06-14,2023-06-14
"42",1950-06-01,"CWSR0000SA0L1",23.7,2023-06-14,2023-06-14
"43",1950-07-01,"CWSR0000SA0L1",23.8,2023-06-14,2023-06-14
"44",1950-08-01,"CWSR0000SA0L1",23.9,2023-06-14,2023-06-14
"45",1950-09-01,"CWSR0000SA0L1",24.1,2023-06-14,2023-06-14
"46",1950-10-01,"CWSR0000SA0L1",24.2,2023-06-14,2023-06-14
"47",1950-11-01,"CWSR0000SA0L1",24.4,2023-06-14,2023-06-14
"48",1950-12-01,"CWSR0000SA0L1",24.6,2023-06-14,2023-06-14
"49",1951-01-01,"CWSR0000SA0L1",24.9,2023-06-14,2023-06-14
"50",1951-02-01,"CWSR0000SA0L1",25.1,2023-06-14,2023-06-14
"51",1951-03-01,"CWSR0000SA0L1",25.2,2023-06-14,2023-06-14
"52",1951-04-01,"CWSR0000SA0L1",25.3,2023-06-14,2023-06-14
"53",1951-05-01,"CWSR0000SA0L1",25.4,2023-06-14,2023-06-14
"54",1951-06-01,"CWSR0000SA0L1",25.4,2023-06-14,2023-06-14
"55",1951-07-01,"CWSR0000SA0L1",25.5,2023-06-14,2023-06-14
"56",1951-08-01,"CWSR0000SA0L1",25.5,2023-06-14,2023-06-14
"57",1951-09-01,"CWSR0000SA0L1",25.6,2023-06-14,2023-06-14
"58",1951-10-01,"CWSR0000SA0L1",25.6,2023-06-14,2023-06-14
"59",1951-11-01,"CWSR0000SA0L1",25.7,2023-06-14,2023-06-14
"60",1951-12-01,"CWSR0000SA0L1",25.8,2023-06-14,2023-06-14
"61",1952-01-01,"CWSR0000SA0L1",25.8,2023-06-14,2023-06-14
"62",1952-02-01,"CWSR0000SA0L1",25.8,2023-06-14,2023-06-14
"63",1952-03-01,"CWSR0000SA0L1",25.9,2023-06-14,2023-06-14
"64",1952-04-01,"CWSR0000SA0L1",25.9,2023-06-14,2023-06-14
"65",1952-05-01,"CWSR0000SA0L1",26,2023-06-14,2023-06-14
"66",1952-06-01,"CWSR0000SA0L1",26.1,2023-06-14,2023-06-14
"67",1952-07-01,"CWSR0000SA0L1",26.1,2023-06-14,2023-06-14
"68",1952-08-01,"CWSR0000SA0L1",26.1,2023-06-14,2023-06-14
"69",1952-09-01,"CWSR0000SA0L1",26.1,2023-06-14,2023-06-14
"70",1952-10-01,"CWSR0000SA0L1",26.1,2023-06-14,2023-06-14
"71",1952-11-01,"CWSR0000SA0L1",26.2,2023-06-14,2023-06-14
"72",1952-12-01,"CWSR0000SA0L1",26.2,2023-06-14,2023-06-14
"73",1953-01-01,"CWSR0000SA0L1",26.2,2023-06-14,2023-06-14
"74",1953-02-01,"CWSR0000SA0L1",26.3,2023-06-14,2023-06-14
"75",1953-03-01,"CWSR0000SA0L1",26.4,2023-06-14,2023-06-14
"76",1953-04-01,"CWSR0000SA0L1",26.5,2023-06-14,2023-06-14
"77",1953-05-01,"CWSR0000SA0L1",26.5,2023-06-14,2023-06-14
"78",1953-06-01,"CWSR0000SA0L1",26.6,2023-06-14,2023-06-14
"79",1953-07-01,"CWSR0000SA0L1",26.6,2023-06-14,2023-06-14
"80",1953-08-01,"CWSR0000SA0L1",26.6,2023-06-14,2023-06-14
"81",1953-09-01,"CWSR0000SA0L1",26.7,2023-06-14,2023-06-14
"82",1953-10-01,"CWSR0000SA0L1",26.7,2023-06-14,2023-06-14
"83",1953-11-01,"CWSR0000SA0L1",26.7,2023-06-14,2023-06-14
"84",1953-12-01,"CWSR0000SA0L1",26.7,2023-06-14,2023-06-14
"85",1954-01-01,"CWSR0000SA0L1",26.7,2023-06-14,2023-06-14
"86",1954-02-01,"CWSR0000SA0L1",26.7,2023-06-14,2023-06-14
"87",1954-03-01,"CWSR0000SA0L1",26.7,2023-06-14,2023-06-14
"88",1954-04-01,"CWSR0000SA0L1",26.7,2023-06-14,2023-06-14
"89",1954-05-01,"CWSR0000SA0L1",26.8,2023-06-14,2023-06-14
"90",1954-06-01,"CWSR0000SA0L1",26.7,2023-06-14,2023-06-14
"91",1954-07-01,"CWSR0000SA0L1",26.7,2023-06-14,2023-06-14
"92",1954-08-01,"CWSR0000SA0L1",26.7,2023-06-14,2023-06-14
"93",1954-09-01,"CWSR0000SA0L1",26.7,2023-06-14,2023-06-14
"94",1954-10-01,"CWSR0000SA0L1",26.6,2023-06-14,2023-06-14
"95",1954-11-01,"CWSR0000SA0L1",26.7,2023-06-14,2023-06-14
"96",1954-12-01,"CWSR0000SA0L1",26.7,2023-06-14,2023-06-14
"97",1955-01-01,"CWSR0000SA0L1",26.7,2023-06-14,2023-06-14
"98",1955-02-01,"CWSR0000SA0L1",26.7,2023-06-14,2023-06-14
"99",1955-03-01,"CWSR0000SA0L1",26.7,2023-06-14,2023-06-14
"100",1955-04-01,"CWSR0000SA0L1",26.6,2023-06-14,2023-06-14
"101",1955-05-01,"CWSR0000SA0L1",26.7,2023-06-14,2023-06-14
"102",1955-06-01,"CWSR0000SA0L1",26.7,2023-06-14,2023-06-14
"103",1955-07-01,"CWSR0000SA0L1",26.8,2023-06-14,2023-06-14
"104",1955-08-01,"CWSR0000SA0L1",26.8,2023-06-14,2023-06-14
"105",1955-09-01,"CWSR0000SA0L1",26.8,2023-06-14,2023-06-14
"106",1955-10-01,"CWSR0000SA0L1",26.9,2023-06-14,2023-06-14
"107",1955-11-01,"CWSR0000SA0L1",26.9,2023-06-14,2023-06-14
"108",1955-12-01,"CWSR0000SA0L1",26.9,2023-06-14,2023-06-14
"109",1956-01-01,"CWSR0000SA0L1",26.9,2023-06-14,2023-06-14
"110",1956-02-01,"CWSR0000SA0L1",26.9,2023-06-14,2023-06-14
"111",1956-03-01,"CWSR0000SA0L1",27,2023-06-14,2023-06-14
"112",1956-04-01,"CWSR0000SA0L1",27,2023-06-14,2023-06-14
"113",1956-05-01,"CWSR0000SA0L1",27.1,2023-06-14,2023-06-14
"114",1956-06-01,"CWSR0000SA0L1",27.2,2023-06-14,2023-06-14
"115",1956-07-01,"CWSR0000SA0L1",27.3,2023-06-14,2023-06-14
"116",1956-08-01,"CWSR0000SA0L1",27.3,2023-06-14,2023-06-14
"117",1956-09-01,"CWSR0000SA0L1",27.4,2023-06-14,2023-06-14
"118",1956-10-01,"CWSR0000SA0L1",27.5,2023-06-14,2023-06-14
"119",1956-11-01,"CWSR0000SA0L1",27.5,2023-06-14,2023-06-14
"120",1956-12-01,"CWSR0000SA0L1",27.6,2023-06-14,2023-06-14
"121",1957-01-01,"CWSR0000SA0L1",27.7,2023-06-14,2023-06-14
"122",1957-02-01,"CWSR0000SA0L1",27.9,2023-06-14,2023-06-14
"123",1957-03-01,"CWSR0000SA0L1",28,2023-06-14,2023-06-14
"124",1957-04-01,"CWSR0000SA0L1",28.1,2023-06-14,2023-06-14
"125",1957-05-01,"CWSR0000SA0L1",28.1,2023-06-14,2023-06-14
"126",1957-06-01,"CWSR0000SA0L1",28.1,2023-06-14,2023-06-14
"127",1957-07-01,"CWSR0000SA0L1",28.2,2023-06-14,2023-06-14
"128",1957-08-01,"CWSR0000SA0L1",28.2,2023-06-14,2023-06-14
"129",1957-09-01,"CWSR0000SA0L1",28.3,2023-06-14,2023-06-14
"130",1957-10-01,"CWSR0000SA0L1",28.3,2023-06-14,2023-06-14
"131",1957-11-01,"CWSR0000SA0L1",28.5,2023-06-14,2023-06-14
"132",1957-12-01,"CWSR0000SA0L1",28.5,2023-06-14,2023-06-14
"133",1958-01-01,"CWSR0000SA0L1",28.6,2023-06-14,2023-06-14
"134",1958-02-01,"CWSR0000SA0L1",28.6,2023-06-14,2023-06-14
"135",1958-03-01,"CWSR0000SA0L1",28.7,2023-06-14,2023-06-14
"136",1958-04-01,"CWSR0000SA0L1",28.7,2023-06-14,2023-06-14
"137",1958-05-01,"CWSR0000SA0L1",28.8,2023-06-14,2023-06-14
"138",1958-06-01,"CWSR0000SA0L1",28.8,2023-06-14,2023-06-14
"139",1958-07-01,"CWSR0000SA0L1",28.8,2023-06-14,2023-06-14
"140",1958-08-01,"CWSR0000SA0L1",28.9,2023-06-14,2023-06-14
"141",1958-09-01,"CWSR0000SA0L1",28.9,2023-06-14,2023-06-14
"142",1958-10-01,"CWSR0000SA0L1",28.8,2023-06-14,2023-06-14
"143",1958-11-01,"CWSR0000SA0L1",28.9,2023-06-14,2023-06-14
"144",1958-12-01,"CWSR0000SA0L1",29,2023-06-14,2023-06-14
"145",1959-01-01,"CWSR0000SA0L1",29,2023-06-14,2023-06-14
"146",1959-02-01,"CWSR0000SA0L1",29.1,2023-06-14,2023-06-14
"147",1959-03-01,"CWSR0000SA0L1",29.1,2023-06-14,2023-06-14
"148",1959-04-01,"CWSR0000SA0L1",29.2,2023-06-14,2023-06-14
"149",1959-05-01,"CWSR0000SA0L1",29.2,2023-06-14,2023-06-14
"150",1959-06-01,"CWSR0000SA0L1",29.3,2023-06-14,2023-06-14
"151",1959-07-01,"CWSR0000SA0L1",29.4,2023-06-14,2023-06-14
"152",1959-08-01,"CWSR0000SA0L1",29.4,2023-06-14,2023-06-14
"153",1959-09-01,"CWSR0000SA0L1",29.5,2023-06-14,2023-06-14
"154",1959-10-01,"CWSR0000SA0L1",29.6,2023-06-14,2023-06-14
"155",1959-11-01,"CWSR0000SA0L1",29.6,2023-06-14,2023-06-14
"156",1959-12-01,"CWSR0000SA0L1",29.7,2023-06-14,2023-06-14
"157",1960-01-01,"CWSR0000SA0L1",29.7,2023-06-14,2023-06-14
"158",1960-02-01,"CWSR0000SA0L1",29.7,2023-06-14,2023-06-14
"159",1960-03-01,"CWSR0000SA0L1",29.7,2023-06-14,2023-06-14
"160",1960-04-01,"CWSR0000SA0L1",29.8,2023-06-14,2023-06-14
"161",1960-05-01,"CWSR0000SA0L1",29.8,2023-06-14,2023-06-14
"162",1960-06-01,"CWSR0000SA0L1",29.8,2023-06-14,2023-06-14
"163",1960-07-01,"CWSR0000SA0L1",29.8,2023-06-14,2023-06-14
"164",1960-08-01,"CWSR0000SA0L1",29.9,2023-06-14,2023-06-14
"165",1960-09-01,"CWSR0000SA0L1",29.9,2023-06-14,2023-06-14
"166",1960-10-01,"CWSR0000SA0L1",29.9,2023-06-14,2023-06-14
"167",1960-11-01,"CWSR0000SA0L1",29.9,2023-06-14,2023-06-14
"168",1960-12-01,"CWSR0000SA0L1",30,2023-06-14,2023-06-14
"169",1961-01-01,"CWSR0000SA0L1",30,2023-06-14,2023-06-14
"170",1961-02-01,"CWSR0000SA0L1",30,2023-06-14,2023-06-14
"171",1961-03-01,"CWSR0000SA0L1",30,2023-06-14,2023-06-14
"172",1961-04-01,"CWSR0000SA0L1",30,2023-06-14,2023-06-14
"173",1961-05-01,"CWSR0000SA0L1",30.1,2023-06-14,2023-06-14
"174",1961-06-01,"CWSR0000SA0L1",30.1,2023-06-14,2023-06-14
"175",1961-07-01,"CWSR0000SA0L1",30.2,2023-06-14,2023-06-14
"176",1961-08-01,"CWSR0000SA0L1",30.2,2023-06-14,2023-06-14
"177",1961-09-01,"CWSR0000SA0L1",30.3,2023-06-14,2023-06-14
"178",1961-10-01,"CWSR0000SA0L1",30.3,2023-06-14,2023-06-14
"179",1961-11-01,"CWSR0000SA0L1",30.3,2023-06-14,2023-06-14
"180",1961-12-01,"CWSR0000SA0L1",30.3,2023-06-14,2023-06-14
"181",1962-01-01,"CWSR0000SA0L1",30.3,2023-06-14,2023-06-14
"182",1962-02-01,"CWSR0000SA0L1",30.4,2023-06-14,2023-06-14
"183",1962-03-01,"CWSR0000SA0L1",30.4,2023-06-14,2023-06-14
"184",1962-04-01,"CWSR0000SA0L1",30.5,2023-06-14,2023-06-14
"185",1962-05-01,"CWSR0000SA0L1",30.5,2023-06-14,2023-06-14
"186",1962-06-01,"CWSR0000SA0L1",30.5,2023-06-14,2023-06-14
"187",1962-07-01,"CWSR0000SA0L1",30.5,2023-06-14,2023-06-14
"188",1962-08-01,"CWSR0000SA0L1",30.6,2023-06-14,2023-06-14
"189",1962-09-01,"CWSR0000SA0L1",30.6,2023-06-14,2023-06-14
"190",1962-10-01,"CWSR0000SA0L1",30.6,2023-06-14,2023-06-14
"191",1962-11-01,"CWSR0000SA0L1",30.6,2023-06-14,2023-06-14
"192",1962-12-01,"CWSR0000SA0L1",30.7,2023-06-14,2023-06-14
"193",1963-01-01,"CWSR0000SA0L1",30.7,2023-06-14,2023-06-14
"194",1963-02-01,"CWSR0000SA0L1",30.7,2023-06-14,2023-06-14
"195",1963-03-01,"CWSR0000SA0L1",30.7,2023-06-14,2023-06-14
"196",1963-04-01,"CWSR0000SA0L1",30.8,2023-06-14,2023-06-14
"197",1963-05-01,"CWSR0000SA0L1",30.8,2023-06-14,2023-06-14
"198",1963-06-01,"CWSR0000SA0L1",30.9,2023-06-14,2023-06-14
"199",1963-07-01,"CWSR0000SA0L1",30.9,2023-06-14,2023-06-14
"200",1963-08-01,"CWSR0000SA0L1",31,2023-06-14,2023-06-14
"201",1963-09-01,"CWSR0000SA0L1",31,2023-06-14,2023-06-14
"202",1963-10-01,"CWSR0000SA0L1",31,2023-06-14,2023-06-14
"203",1963-11-01,"CWSR0000SA0L1",31.1,2023-06-14,2023-06-14
"204",1963-12-01,"CWSR0000SA0L1",31.2,2023-06-14,2023-06-14
"205",1964-01-01,"CWSR0000SA0L1",31.2,2023-06-14,2023-06-14
"206",1964-02-01,"CWSR0000SA0L1",31.2,2023-06-14,2023-06-14
"207",1964-03-01,"CWSR0000SA0L1",31.3,2023-06-14,2023-06-14
"208",1964-04-01,"CWSR0000SA0L1",31.2,2023-06-14,2023-06-14
"209",1964-05-01,"CWSR0000SA0L1",31.3,2023-06-14,2023-06-14
"210",1964-06-01,"CWSR0000SA0L1",31.3,2023-06-14,2023-06-14
"211",1964-07-01,"CWSR0000SA0L1",31.3,2023-06-14,2023-06-14
"212",1964-08-01,"CWSR0000SA0L1",31.3,2023-06-14,2023-06-14
"213",1964-09-01,"CWSR0000SA0L1",31.3,2023-06-14,2023-06-14
"214",1964-10-01,"CWSR0000SA0L1",31.4,2023-06-14,2023-06-14
"215",1964-11-01,"CWSR0000SA0L1",31.4,2023-06-14,2023-06-14
"216",1964-12-01,"CWSR0000SA0L1",31.5,2023-06-14,2023-06-14
"217",1965-01-01,"CWSR0000SA0L1",31.6,2023-06-14,2023-06-14
"218",1965-02-01,"CWSR0000SA0L1",31.6,2023-06-14,2023-06-14
"219",1965-03-01,"CWSR0000SA0L1",31.6,2023-06-14,2023-06-14
"220",1965-04-01,"CWSR0000SA0L1",31.7,2023-06-14,2023-06-14
"221",1965-05-01,"CWSR0000SA0L1",31.7,2023-06-14,2023-06-14
"222",1965-06-01,"CWSR0000SA0L1",31.7,2023-06-14,2023-06-14
"223",1965-07-01,"CWSR0000SA0L1",31.7,2023-06-14,2023-06-14
"224",1965-08-01,"CWSR0000SA0L1",31.7,2023-06-14,2023-06-14
"225",1965-09-01,"CWSR0000SA0L1",31.8,2023-06-14,2023-06-14
"226",1965-10-01,"CWSR0000SA0L1",31.8,2023-06-14,2023-06-14
"227",1965-11-01,"CWSR0000SA0L1",31.9,2023-06-14,2023-06-14
"228",1965-12-01,"CWSR0000SA0L1",32,2023-06-14,2023-06-14
"229",1966-01-01,"CWSR0000SA0L1",32,2023-06-14,2023-06-14
"230",1966-02-01,"CWSR0000SA0L1",32,2023-06-14,2023-06-14
"231",1966-03-01,"CWSR0000SA0L1",32.1,2023-06-14,2023-06-14
"232",1966-04-01,"CWSR0000SA0L1",32.3,2023-06-14,2023-06-14
"233",1966-05-01,"CWSR0000SA0L1",32.3,2023-06-14,2023-06-14
"234",1966-06-01,"CWSR0000SA0L1",32.4,2023-06-14,2023-06-14
"235",1966-07-01,"CWSR0000SA0L1",32.6,2023-06-14,2023-06-14
"236",1966-08-01,"CWSR0000SA0L1",32.6,2023-06-14,2023-06-14
"237",1966-09-01,"CWSR0000SA0L1",32.7,2023-06-14,2023-06-14
"238",1966-10-01,"CWSR0000SA0L1",32.8,2023-06-14,2023-06-14
"239",1966-11-01,"CWSR0000SA0L1",32.9,2023-06-14,2023-06-14
"240",1966-12-01,"CWSR0000SA0L1",33,2023-06-14,2023-06-14
"241",1967-01-01,"CWSR0000SA0L1",33.1,2023-06-14,2023-06-14
"242",1967-02-01,"CWSR0000SA0L1",33.2,2023-06-14,2023-06-14
"243",1967-03-01,"CWSR0000SA0L1",33.2,2023-06-14,2023-06-14
"244",1967-04-01,"CWSR0000SA0L1",33.3,2023-06-14,2023-06-14
"245",1967-05-01,"CWSR0000SA0L1",33.4,2023-06-14,2023-06-14
"246",1967-06-01,"CWSR0000SA0L1",33.5,2023-06-14,2023-06-14
"247",1967-07-01,"CWSR0000SA0L1",33.6,2023-06-14,2023-06-14
"248",1967-08-01,"CWSR0000SA0L1",33.7,2023-06-14,2023-06-14
"249",1967-09-01,"CWSR0000SA0L1",33.9,2023-06-14,2023-06-14
"250",1967-10-01,"CWSR0000SA0L1",34,2023-06-14,2023-06-14
"251",1967-11-01,"CWSR0000SA0L1",34.1,2023-06-14,2023-06-14
"252",1967-12-01,"CWSR0000SA0L1",34.2,2023-06-14,2023-06-14
"253",1968-01-01,"CWSR0000SA0L1",34.4,2023-06-14,2023-06-14
"254",1968-02-01,"CWSR0000SA0L1",34.5,2023-06-14,2023-06-14
"255",1968-03-01,"CWSR0000SA0L1",34.6,2023-06-14,2023-06-14
"256",1968-04-01,"CWSR0000SA0L1",34.7,2023-06-14,2023-06-14
"257",1968-05-01,"CWSR0000SA0L1",34.7,2023-06-14,2023-06-14
"258",1968-06-01,"CWSR0000SA0L1",35,2023-06-14,2023-06-14
"259",1968-07-01,"CWSR0000SA0L1",35.1,2023-06-14,2023-06-14
"260",1968-08-01,"CWSR0000SA0L1",35.3,2023-06-14,2023-06-14
"261",1968-09-01,"CWSR0000SA0L1",35.4,2023-06-14,2023-06-14
"262",1968-10-01,"CWSR0000SA0L1",35.5,2023-06-14,2023-06-14
"263",1968-11-01,"CWSR0000SA0L1",35.7,2023-06-14,2023-06-14
"264",1968-12-01,"CWSR0000SA0L1",35.8,2023-06-14,2023-06-14
"265",1969-01-01,"CWSR0000SA0L1",36,2023-06-14,2023-06-14
"266",1969-02-01,"CWSR0000SA0L1",36.2,2023-06-14,2023-06-14
"267",1969-03-01,"CWSR0000SA0L1",36.5,2023-06-14,2023-06-14
"268",1969-04-01,"CWSR0000SA0L1",36.6,2023-06-14,2023-06-14
"269",1969-05-01,"CWSR0000SA0L1",36.7,2023-06-14,2023-06-14
"270",1969-06-01,"CWSR0000SA0L1",36.9,2023-06-14,2023-06-14
"271",1969-07-01,"CWSR0000SA0L1",37,2023-06-14,2023-06-14
"272",1969-08-01,"CWSR0000SA0L1",37.2,2023-06-14,2023-06-14
"273",1969-09-01,"CWSR0000SA0L1",37.4,2023-06-14,2023-06-14
"274",1969-10-01,"CWSR0000SA0L1",37.6,2023-06-14,2023-06-14
"275",1969-11-01,"CWSR0000SA0L1",37.7,2023-06-14,2023-06-14
"276",1969-12-01,"CWSR0000SA0L1",37.9,2023-06-14,2023-06-14
"277",1970-01-01,"CWSR0000SA0L1",38.1,2023-06-14,2023-06-14
"278",1970-02-01,"CWSR0000SA0L1",38.3,2023-06-14,2023-06-14
"279",1970-03-01,"CWSR0000SA0L1",38.5,2023-06-14,2023-06-14
"280",1970-04-01,"CWSR0000SA0L1",38.8,2023-06-14,2023-06-14
"281",1970-05-01,"CWSR0000SA0L1",38.9,2023-06-14,2023-06-14
"282",1970-06-01,"CWSR0000SA0L1",39.1,2023-06-14,2023-06-14
"283",1970-07-01,"CWSR0000SA0L1",39.3,2023-06-14,2023-06-14
"284",1970-08-01,"CWSR0000SA0L1",39.4,2023-06-14,2023-06-14
"285",1970-09-01,"CWSR0000SA0L1",39.6,2023-06-14,2023-06-14
"286",1970-10-01,"CWSR0000SA0L1",39.9,2023-06-14,2023-06-14
"287",1970-11-01,"CWSR0000SA0L1",40.1,2023-06-14,2023-06-14
"288",1970-12-01,"CWSR0000SA0L1",40.3,2023-06-14,2023-06-14
"289",1971-01-01,"CWSR0000SA0L1",40.5,2023-06-14,2023-06-14
"290",1971-02-01,"CWSR0000SA0L1",40.5,2023-06-14,2023-06-14
"291",1971-03-01,"CWSR0000SA0L1",40.5,2023-06-14,2023-06-14
"292",1971-04-01,"CWSR0000SA0L1",40.6,2023-06-14,2023-06-14
"293",1971-05-01,"CWSR0000SA0L1",40.8,2023-06-14,2023-06-14
"294",1971-06-01,"CWSR0000SA0L1",41,2023-06-14,2023-06-14
"295",1971-07-01,"CWSR0000SA0L1",41.1,2023-06-14,2023-06-14
"296",1971-08-01,"CWSR0000SA0L1",41.2,2023-06-14,2023-06-14
"297",1971-09-01,"CWSR0000SA0L1",41.3,2023-06-14,2023-06-14
"298",1971-10-01,"CWSR0000SA0L1",41.4,2023-06-14,2023-06-14
"299",1971-11-01,"CWSR0000SA0L1",41.5,2023-06-14,2023-06-14
"300",1971-12-01,"CWSR0000SA0L1",41.6,2023-06-14,2023-06-14
"301",1972-01-01,"CWSR0000SA0L1",41.7,2023-06-14,2023-06-14
"302",1972-02-01,"CWSR0000SA0L1",41.8,2023-06-14,2023-06-14
"303",1972-03-01,"CWSR0000SA0L1",41.9,2023-06-14,2023-06-14
"304",1972-04-01,"CWSR0000SA0L1",41.9,2023-06-14,2023-06-14
"305",1972-05-01,"CWSR0000SA0L1",42.1,2023-06-14,2023-06-14
"306",1972-06-01,"CWSR0000SA0L1",42.2,2023-06-14,2023-06-14
"307",1972-07-01,"CWSR0000SA0L1",42.3,2023-06-14,2023-06-14
"308",1972-08-01,"CWSR0000SA0L1",42.4,2023-06-14,2023-06-14
"309",1972-09-01,"CWSR0000SA0L1",42.5,2023-06-14,2023-06-14
"310",1972-10-01,"CWSR0000SA0L1",42.6,2023-06-14,2023-06-14
"311",1972-11-01,"CWSR0000SA0L1",42.7,2023-06-14,2023-06-14
"312",1972-12-01,"CWSR0000SA0L1",42.8,2023-06-14,2023-06-14
"313",1973-01-01,"CWSR0000SA0L1",42.9,2023-06-14,2023-06-14
"314",1973-02-01,"CWSR0000SA0L1",43.1,2023-06-14,2023-06-14
"315",1973-03-01,"CWSR0000SA0L1",43.2,2023-06-14,2023-06-14
"316",1973-04-01,"CWSR0000SA0L1",43.4,2023-06-14,2023-06-14
"317",1973-05-01,"CWSR0000SA0L1",43.5,2023-06-14,2023-06-14
"318",1973-06-01,"CWSR0000SA0L1",43.7,2023-06-14,2023-06-14
"319",1973-07-01,"CWSR0000SA0L1",43.8,2023-06-14,2023-06-14
"320",1973-08-01,"CWSR0000SA0L1",44,2023-06-14,2023-06-14
"321",1973-09-01,"CWSR0000SA0L1",44.2,2023-06-14,2023-06-14
"322",1973-10-01,"CWSR0000SA0L1",44.6,2023-06-14,2023-06-14
"323",1973-11-01,"CWSR0000SA0L1",44.9,2023-06-14,2023-06-14
"324",1973-12-01,"CWSR0000SA0L1",45.2,2023-06-14,2023-06-14
"325",1974-01-01,"CWSR0000SA0L1",45.6,2023-06-14,2023-06-14
"326",1974-02-01,"CWSR0000SA0L1",46,2023-06-14,2023-06-14
"327",1974-03-01,"CWSR0000SA0L1",46.5,2023-06-14,2023-06-14
"328",1974-04-01,"CWSR0000SA0L1",46.9,2023-06-14,2023-06-14
"329",1974-05-01,"CWSR0000SA0L1",47.4,2023-06-14,2023-06-14
"330",1974-06-01,"CWSR0000SA0L1",48,2023-06-14,2023-06-14
"331",1974-07-01,"CWSR0000SA0L1",48.5,2023-06-14,2023-06-14
"332",1974-08-01,"CWSR0000SA0L1",49.1,2023-06-14,2023-06-14
"333",1974-09-01,"CWSR0000SA0L1",49.5,2023-06-14,2023-06-14
"334",1974-10-01,"CWSR0000SA0L1",50,2023-06-14,2023-06-14
"335",1974-11-01,"CWSR0000SA0L1",50.4,2023-06-14,2023-06-14
"336",1974-12-01,"CWSR0000SA0L1",50.8,2023-06-14,2023-06-14
"337",1975-01-01,"CWSR0000SA0L1",51.2,2023-06-14,2023-06-14
"338",1975-02-01,"CWSR0000SA0L1",51.5,2023-06-14,2023-06-14
"339",1975-03-01,"CWSR0000SA0L1",51.8,2023-06-14,2023-06-14
"340",1975-04-01,"CWSR0000SA0L1",52.1,2023-06-14,2023-06-14
"341",1975-05-01,"CWSR0000SA0L1",52.2,2023-06-14,2023-06-14
"342",1975-06-01,"CWSR0000SA0L1",52.5,2023-06-14,2023-06-14
"343",1975-07-01,"CWSR0000SA0L1",52.9,2023-06-14,2023-06-14
"344",1975-08-01,"CWSR0000SA0L1",53.1,2023-06-14,2023-06-14
"345",1975-09-01,"CWSR0000SA0L1",53.4,2023-06-14,2023-06-14
"346",1975-10-01,"CWSR0000SA0L1",53.7,2023-06-14,2023-06-14
"347",1975-11-01,"CWSR0000SA0L1",54.1,2023-06-14,2023-06-14
"348",1975-12-01,"CWSR0000SA0L1",54.4,2023-06-14,2023-06-14
"349",1976-01-01,"CWSR0000SA0L1",54.8,2023-06-14,2023-06-14
"350",1976-02-01,"CWSR0000SA0L1",55,2023-06-14,2023-06-14
"351",1976-03-01,"CWSR0000SA0L1",55.3,2023-06-14,2023-06-14
"352",1976-04-01,"CWSR0000SA0L1",55.5,2023-06-14,2023-06-14
"353",1976-05-01,"CWSR0000SA0L1",55.7,2023-06-14,2023-06-14
"354",1976-06-01,"CWSR0000SA0L1",56,2023-06-14,2023-06-14
"355",1976-07-01,"CWSR0000SA0L1",56.3,2023-06-14,2023-06-14
"356",1976-08-01,"CWSR0000SA0L1",56.6,2023-06-14,2023-06-14
"357",1976-09-01,"CWSR0000SA0L1",57,2023-06-14,2023-06-14
"358",1976-10-01,"CWSR0000SA0L1",57.2,2023-06-14,2023-06-14
"359",1976-11-01,"CWSR0000SA0L1",57.6,2023-06-14,2023-06-14
"360",1976-12-01,"CWSR0000SA0L1",57.9,2023-06-14,2023-06-14
"361",1977-01-01,"CWSR0000SA0L1",58.3,2023-06-14,2023-06-14
"362",1977-02-01,"CWSR0000SA0L1",58.6,2023-06-14,2023-06-14
"363",1977-03-01,"CWSR0000SA0L1",58.9,2023-06-14,2023-06-14
"364",1977-04-01,"CWSR0000SA0L1",59.2,2023-06-14,2023-06-14
"365",1977-05-01,"CWSR0000SA0L1",59.5,2023-06-14,2023-06-14
"366",1977-06-01,"CWSR0000SA0L1",59.8,2023-06-14,2023-06-14
"367",1977-07-01,"CWSR0000SA0L1",60.1,2023-06-14,2023-06-14
"368",1977-08-01,"CWSR0000SA0L1",60.3,2023-06-14,2023-06-14
"369",1977-09-01,"CWSR0000SA0L1",60.6,2023-06-14,2023-06-14
"370",1977-10-01,"CWSR0000SA0L1",60.9,2023-06-14,2023-06-14
"371",1977-11-01,"CWSR0000SA0L1",61.3,2023-06-14,2023-06-14
"372",1977-12-01,"CWSR0000SA0L1",61.6,2023-06-14,2023-06-14
"373",1978-01-01,"CWSR0000SA0L1",61.9,2023-06-14,2023-06-14
"374",1978-02-01,"CWSR0000SA0L1",62.1,2023-06-14,2023-06-14
"375",1978-03-01,"CWSR0000SA0L1",62.5,2023-06-14,2023-06-14
"376",1978-04-01,"CWSR0000SA0L1",62.8,2023-06-14,2023-06-14
"377",1978-05-01,"CWSR0000SA0L1",63.2,2023-06-14,2023-06-14
"378",1978-06-01,"CWSR0000SA0L1",63.7,2023-06-14,2023-06-14
"379",1978-07-01,"CWSR0000SA0L1",64.2,2023-06-14,2023-06-14
"380",1978-08-01,"CWSR0000SA0L1",64.6,2023-06-14,2023-06-14
"381",1978-09-01,"CWSR0000SA0L1",65.2,2023-06-14,2023-06-14
"382",1978-10-01,"CWSR0000SA0L1",65.9,2023-06-14,2023-06-14
"383",1978-11-01,"CWSR0000SA0L1",66.3,2023-06-14,2023-06-14
"384",1978-12-01,"CWSR0000SA0L1",66.7,2023-06-14,2023-06-14
"385",1979-01-01,"CWSR0000SA0L1",67.1,2023-06-14,2023-06-14
"386",1979-02-01,"CWSR0000SA0L1",67.7,2023-06-14,2023-06-14
"387",1979-03-01,"CWSR0000SA0L1",68.4,2023-06-14,2023-06-14
"388",1979-04-01,"CWSR0000SA0L1",69.3,2023-06-14,2023-06-14
"389",1979-05-01,"CWSR0000SA0L1",70.1,2023-06-14,2023-06-14
"390",1979-06-01,"CWSR0000SA0L1",71,2023-06-14,2023-06-14
"391",1979-07-01,"CWSR0000SA0L1",71.9,2023-06-14,2023-06-14
"392",1979-08-01,"CWSR0000SA0L1",72.8,2023-06-14,2023-06-14
"393",1979-09-01,"CWSR0000SA0L1",73.6,2023-06-14,2023-06-14
"394",1979-10-01,"CWSR0000SA0L1",74.4,2023-06-14,2023-06-14
"395",1979-11-01,"CWSR0000SA0L1",75.2,2023-06-14,2023-06-14
"396",1979-12-01,"CWSR0000SA0L1",76.1,2023-06-14,2023-06-14
"397",1980-01-01,"CWSR0000SA0L1",77.4,2023-06-14,2023-06-14
"398",1980-02-01,"CWSR0000SA0L1",78.5,2023-06-14,2023-06-14
"399",1980-03-01,"CWSR0000SA0L1",79.8,2023-06-14,2023-06-14
"400",1980-04-01,"CWSR0000SA0L1",80.6,2023-06-14,2023-06-14
"401",1980-05-01,"CWSR0000SA0L1",81.4,2023-06-14,2023-06-14
"402",1980-06-01,"CWSR0000SA0L1",82.3,2023-06-14,2023-06-14
"403",1980-07-01,"CWSR0000SA0L1",82.2,2023-06-14,2023-06-14
"404",1980-08-01,"CWSR0000SA0L1",82.6,2023-06-14,2023-06-14
"405",1980-09-01,"CWSR0000SA0L1",83.3,2023-06-14,2023-06-14
"406",1980-10-01,"CWSR0000SA0L1",84.1,2023-06-14,2023-06-14
"407",1980-11-01,"CWSR0000SA0L1",85,2023-06-14,2023-06-14
"408",1980-12-01,"CWSR0000SA0L1",85.9,2023-06-14,2023-06-14
"409",1981-01-01,"CWSR0000SA0L1",86.8,2023-06-14,2023-06-14
"410",1981-02-01,"CWSR0000SA0L1",87.7,2023-06-14,2023-06-14
"411",1981-03-01,"CWSR0000SA0L1",88.3,2023-06-14,2023-06-14
"412",1981-04-01,"CWSR0000SA0L1",88.8,2023-06-14,2023-06-14
"413",1981-05-01,"CWSR0000SA0L1",89.6,2023-06-14,2023-06-14
"414",1981-06-01,"CWSR0000SA0L1",90.3,2023-06-14,2023-06-14
"415",1981-07-01,"CWSR0000SA0L1",91.5,2023-06-14,2023-06-14
"416",1981-08-01,"CWSR0000SA0L1",92.2,2023-06-14,2023-06-14
"417",1981-09-01,"CWSR0000SA0L1",93.1,2023-06-14,2023-06-14
"418",1981-10-01,"CWSR0000SA0L1",93.5,2023-06-14,2023-06-14
"419",1981-11-01,"CWSR0000SA0L1",93.9,2023-06-14,2023-06-14
"420",1981-12-01,"CWSR0000SA0L1",94.2,2023-06-14,2023-06-14
"421",1982-01-01,"CWSR0000SA0L1",94.5,2023-06-14,2023-06-14
"422",1982-02-01,"CWSR0000SA0L1",94.7,2023-06-14,2023-06-14
"423",1982-03-01,"CWSR0000SA0L1",94.7,2023-06-14,2023-06-14
"424",1982-04-01,"CWSR0000SA0L1",94.9,2023-06-14,2023-06-14
"425",1982-05-01,"CWSR0000SA0L1",95.9,2023-06-14,2023-06-14
"426",1982-06-01,"CWSR0000SA0L1",97.1,2023-06-14,2023-06-14
"427",1982-07-01,"CWSR0000SA0L1",97.7,2023-06-14,2023-06-14
"428",1982-08-01,"CWSR0000SA0L1",98,2023-06-14,2023-06-14
"429",1982-09-01,"CWSR0000SA0L1",98,2023-06-14,2023-06-14
"430",1982-10-01,"CWSR0000SA0L1",98.4,2023-06-14,2023-06-14
"431",1982-11-01,"CWSR0000SA0L1",98.4,2023-06-14,2023-06-14
"432",1982-12-01,"CWSR0000SA0L1",97.9,2023-06-14,2023-06-14
"433",1983-01-01,"CWSR0000SA0L1",98.1,2023-06-14,2023-06-14
"434",1983-02-01,"CWSR0000SA0L1",98.1,2023-06-14,2023-06-14
"435",1983-03-01,"CWSR0000SA0L1",98.4,2023-06-14,2023-06-14
"436",1983-04-01,"CWSR0000SA0L1",99,2023-06-14,2023-06-14
"437",1983-05-01,"CWSR0000SA0L1",99.3,2023-06-14,2023-06-14
"438",1983-06-01,"CWSR0000SA0L1",99.6,2023-06-14,2023-06-14
"439",1983-07-01,"CWSR0000SA0L1",100,2023-06-14,2023-06-14
"440",1983-08-01,"CWSR0000SA0L1",100.6,2023-06-14,2023-06-14
"441",1983-09-01,"CWSR0000SA0L1",100.8,2023-06-14,2023-06-14
"442",1983-10-01,"CWSR0000SA0L1",101.1,2023-06-14,2023-06-14
"443",1983-11-01,"CWSR0000SA0L1",101.3,2023-06-14,2023-06-14
"444",1983-12-01,"CWSR0000SA0L1",101.3,2023-06-14,2023-06-14
"445",1984-01-01,"CWSR0000SA0L1",101.6,2023-06-14,2023-06-14
"446",1984-02-01,"CWSR0000SA0L1",101.7,2023-06-14,2023-06-14
"447",1984-03-01,"CWSR0000SA0L1",101.7,2023-06-14,2023-06-14
"448",1984-04-01,"CWSR0000SA0L1",101.9,2023-06-14,2023-06-14
"449",1984-05-01,"CWSR0000SA0L1",102.3,2023-06-14,2023-06-14
"450",1984-06-01,"CWSR0000SA0L1",102.5,2023-06-14,2023-06-14
"451",1984-07-01,"CWSR0000SA0L1",103,2023-06-14,2023-06-14
"452",1984-08-01,"CWSR0000SA0L1",104,2023-06-14,2023-06-14
"453",1984-09-01,"CWSR0000SA0L1",104.5,2023-06-14,2023-06-14
"454",1984-10-01,"CWSR0000SA0L1",104.7,2023-06-14,2023-06-14
"455",1984-11-01,"CWSR0000SA0L1",104.7,2023-06-14,2023-06-14
"456",1984-12-01,"CWSR0000SA0L1",104.9,2023-06-14,2023-06-14
"457",1985-01-01,"CWSR0000SA0L1",105.2,2023-06-14,2023-06-14
"458",1985-02-01,"CWSR0000SA0L1",105.7,2023-06-14,2023-06-14
"459",1985-03-01,"CWSR0000SA0L1",106.2,2023-06-14,2023-06-14
"460",1985-04-01,"CWSR0000SA0L1",106.6,2023-06-14,2023-06-14
"461",1985-05-01,"CWSR0000SA0L1",106.8,2023-06-14,2023-06-14
"462",1985-06-01,"CWSR0000SA0L1",107.1,2023-06-14,2023-06-14
"463",1985-07-01,"CWSR0000SA0L1",107.3,2023-06-14,2023-06-14
"464",1985-08-01,"CWSR0000SA0L1",107.4,2023-06-14,2023-06-14
"465",1985-09-01,"CWSR0000SA0L1",107.6,2023-06-14,2023-06-14
"466",1985-10-01,"CWSR0000SA0L1",108,2023-06-14,2023-06-14
"467",1985-11-01,"CWSR0000SA0L1",108.5,2023-06-14,2023-06-14
"468",1985-12-01,"CWSR0000SA0L1",108.9,2023-06-14,2023-06-14
"469",1986-01-01,"CWSR0000SA0L1",109.4,2023-06-14,2023-06-14
"470",1986-02-01,"CWSR0000SA0L1",109.1,2023-06-14,2023-06-14
"471",1986-03-01,"CWSR0000SA0L1",108.2,2023-06-14,2023-06-14
"472",1986-04-01,"CWSR0000SA0L1",107.6,2023-06-14,2023-06-14
"473",1986-05-01,"CWSR0000SA0L1",107.7,2023-06-14,2023-06-14
"474",1986-06-01,"CWSR0000SA0L1",108.2,2023-06-14,2023-06-14
"475",1986-07-01,"CWSR0000SA0L1",108,2023-06-14,2023-06-14
"476",1986-08-01,"CWSR0000SA0L1",107.9,2023-06-14,2023-06-14
"477",1986-09-01,"CWSR0000SA0L1",108.4,2023-06-14,2023-06-14
"478",1986-10-01,"CWSR0000SA0L1",108.4,2023-06-14,2023-06-14
"479",1986-11-01,"CWSR0000SA0L1",108.6,2023-06-14,2023-06-14
"480",1986-12-01,"CWSR0000SA0L1",108.9,2023-06-14,2023-06-14
"481",1987-01-01,"CWSR0000SA0L1",109.8,2023-06-14,2023-06-14
"482",1987-02-01,"CWSR0000SA0L1",110.3,2023-06-14,2023-06-14
"483",1987-03-01,"CWSR0000SA0L1",110.7,2023-06-14,2023-06-14
"484",1987-04-01,"CWSR0000SA0L1",111.3,2023-06-14,2023-06-14
"485",1987-05-01,"CWSR0000SA0L1",111.5,2023-06-14,2023-06-14
"486",1987-06-01,"CWSR0000SA0L1",112,2023-06-14,2023-06-14
"487",1987-07-01,"CWSR0000SA0L1",112.3,2023-06-14,2023-06-14
"488",1987-08-01,"CWSR0000SA0L1",112.9,2023-06-14,2023-06-14
"489",1987-09-01,"CWSR0000SA0L1",113.3,2023-06-14,2023-06-14
"490",1987-10-01,"CWSR0000SA0L1",113.8,2023-06-14,2023-06-14
"491",1987-11-01,"CWSR0000SA0L1",114.1,2023-06-14,2023-06-14
"492",1987-12-01,"CWSR0000SA0L1",114.3,2023-06-14,2023-06-14
"493",1988-01-01,"CWSR0000SA0L1",114.5,2023-06-14,2023-06-14
"494",1988-02-01,"CWSR0000SA0L1",114.7,2023-06-14,2023-06-14
"495",1988-03-01,"CWSR0000SA0L1",115.1,2023-06-14,2023-06-14
"496",1988-04-01,"CWSR0000SA0L1",115.7,2023-06-14,2023-06-14
"497",1988-05-01,"CWSR0000SA0L1",116,2023-06-14,2023-06-14
"498",1988-06-01,"CWSR0000SA0L1",116.4,2023-06-14,2023-06-14
"499",1988-07-01,"CWSR0000SA0L1",116.9,2023-06-14,2023-06-14
"500",1988-08-01,"CWSR0000SA0L1",117.2,2023-06-14,2023-06-14
"501",1988-09-01,"CWSR0000SA0L1",117.8,2023-06-14,2023-06-14
"502",1988-10-01,"CWSR0000SA0L1",118.2,2023-06-14,2023-06-14
"503",1988-11-01,"CWSR0000SA0L1",118.6,2023-06-14,2023-06-14
"504",1988-12-01,"CWSR0000SA0L1",118.9,2023-06-14,2023-06-14
"505",1989-01-01,"CWSR0000SA0L1",119.5,2023-06-14,2023-06-14
"506",1989-02-01,"CWSR0000SA0L1",119.8,2023-06-14,2023-06-14
"507",1989-03-01,"CWSR0000SA0L1",120.3,2023-06-14,2023-06-14
"508",1989-04-01,"CWSR0000SA0L1",121.4,2023-06-14,2023-06-14
"509",1989-05-01,"CWSR0000SA0L1",122,2023-06-14,2023-06-14
"510",1989-06-01,"CWSR0000SA0L1",122.2,2023-06-14,2023-06-14
"511",1989-07-01,"CWSR0000SA0L1",122.6,2023-06-14,2023-06-14
"512",1989-08-01,"CWSR0000SA0L1",122.6,2023-06-14,2023-06-14
"513",1989-09-01,"CWSR0000SA0L1",122.8,2023-06-14,2023-06-14
"514",1989-10-01,"CWSR0000SA0L1",123.3,2023-06-14,2023-06-14
"515",1989-11-01,"CWSR0000SA0L1",123.7,2023-06-14,2023-06-14
"516",1989-12-01,"CWSR0000SA0L1",124.2,2023-06-14,2023-06-14
"517",1990-01-01,"CWSR0000SA0L1",125.2,2023-06-14,2023-06-14
"518",1990-02-01,"CWSR0000SA0L1",125.6,2023-06-14,2023-06-14
"519",1990-03-01,"CWSR0000SA0L1",126.1,2023-06-14,2023-06-14
"520",1990-04-01,"CWSR0000SA0L1",126.5,2023-06-14,2023-06-14
"521",1990-05-01,"CWSR0000SA0L1",126.7,2023-06-14,2023-06-14
"522",1990-06-01,"CWSR0000SA0L1",127.3,2023-06-14,2023-06-14
"523",1990-07-01,"CWSR0000SA0L1",127.8,2023-06-14,2023-06-14
"524",1990-08-01,"CWSR0000SA0L1",129.1,2023-06-14,2023-06-14
"525",1990-09-01,"CWSR0000SA0L1",130.3,2023-06-14,2023-06-14
"526",1990-10-01,"CWSR0000SA0L1",131.2,2023-06-14,2023-06-14
"527",1990-11-01,"CWSR0000SA0L1",131.6,2023-06-14,2023-06-14
"528",1990-12-01,"CWSR0000SA0L1",132,2023-06-14,2023-06-14
"529",1991-01-01,"CWSR0000SA0L1",132.4,2023-06-14,2023-06-14
"530",1991-02-01,"CWSR0000SA0L1",132.4,2023-06-14,2023-06-14
"531",1991-03-01,"CWSR0000SA0L1",132.4,2023-06-14,2023-06-14
"532",1991-04-01,"CWSR0000SA0L1",132.6,2023-06-14,2023-06-14
"533",1991-05-01,"CWSR0000SA0L1",133.1,2023-06-14,2023-06-14
"534",1991-06-01,"CWSR0000SA0L1",133.3,2023-06-14,2023-06-14
"535",1991-07-01,"CWSR0000SA0L1",133.7,2023-06-14,2023-06-14
"536",1991-08-01,"CWSR0000SA0L1",134.2,2023-06-14,2023-06-14
"537",1991-09-01,"CWSR0000SA0L1",134.7,2023-06-14,2023-06-14
"538",1991-10-01,"CWSR0000SA0L1",134.9,2023-06-14,2023-06-14
"539",1991-11-01,"CWSR0000SA0L1",135.5,2023-06-14,2023-06-14
"540",1991-12-01,"CWSR0000SA0L1",136,2023-06-14,2023-06-14
"541",1992-01-01,"CWSR0000SA0L1",136.1,2023-06-14,2023-06-14
"542",1992-02-01,"CWSR0000SA0L1",136.3,2023-06-14,2023-06-14
"543",1992-03-01,"CWSR0000SA0L1",136.8,2023-06-14,2023-06-14
"544",1992-04-01,"CWSR0000SA0L1",137.1,2023-06-14,2023-06-14
"545",1992-05-01,"CWSR0000SA0L1",137.6,2023-06-14,2023-06-14
"546",1992-06-01,"CWSR0000SA0L1",138,2023-06-14,2023-06-14
"547",1992-07-01,"CWSR0000SA0L1",138.5,2023-06-14,2023-06-14
"548",1992-08-01,"CWSR0000SA0L1",138.8,2023-06-14,2023-06-14
"549",1992-09-01,"CWSR0000SA0L1",139,2023-06-14,2023-06-14
"550",1992-10-01,"CWSR0000SA0L1",139.6,2023-06-14,2023-06-14
"551",1992-11-01,"CWSR0000SA0L1",140,2023-06-14,2023-06-14
"552",1992-12-01,"CWSR0000SA0L1",140.4,2023-06-14,2023-06-14
"553",1993-01-01,"CWSR0000SA0L1",140.7,2023-06-14,2023-06-14
"554",1993-02-01,"CWSR0000SA0L1",141,2023-06-14,2023-06-14
"555",1993-03-01,"CWSR0000SA0L1",141.3,2023-06-14,2023-06-14
"556",1993-04-01,"CWSR0000SA0L1",141.7,2023-06-14,2023-06-14
"557",1993-05-01,"CWSR0000SA0L1",141.9,2023-06-14,2023-06-14
"558",1993-06-01,"CWSR0000SA0L1",142.2,2023-06-14,2023-06-14
"559",1993-07-01,"CWSR0000SA0L1",142.4,2023-06-14,2023-06-14
"560",1993-08-01,"CWSR0000SA0L1",142.6,2023-06-14,2023-06-14
"561",1993-09-01,"CWSR0000SA0L1",142.7,2023-06-14,2023-06-14
"562",1993-10-01,"CWSR0000SA0L1",143.4,2023-06-14,2023-06-14
"563",1993-11-01,"CWSR0000SA0L1",143.6,2023-06-14,2023-06-14
"564",1993-12-01,"CWSR0000SA0L1",143.9,2023-06-14,2023-06-14
"565",1994-01-01,"CWSR0000SA0L1",143.9,2023-06-14,2023-06-14
"566",1994-02-01,"CWSR0000SA0L1",144.3,2023-06-14,2023-06-14
"567",1994-03-01,"CWSR0000SA0L1",144.7,2023-06-14,2023-06-14
"568",1994-04-01,"CWSR0000SA0L1",144.8,2023-06-14,2023-06-14
"569",1994-05-01,"CWSR0000SA0L1",145.1,2023-06-14,2023-06-14
"570",1994-06-01,"CWSR0000SA0L1",145.6,2023-06-14,2023-06-14
"571",1994-07-01,"CWSR0000SA0L1",146.1,2023-06-14,2023-06-14
"572",1994-08-01,"CWSR0000SA0L1",146.8,2023-06-14,2023-06-14
"573",1994-09-01,"CWSR0000SA0L1",147,2023-06-14,2023-06-14
"574",1994-10-01,"CWSR0000SA0L1",147.2,2023-06-14,2023-06-14
"575",1994-11-01,"CWSR0000SA0L1",147.6,2023-06-14,2023-06-14
"576",1994-12-01,"CWSR0000SA0L1",147.8,2023-06-14,2023-06-14
"577",1995-01-01,"CWSR0000SA0L1",148.2,2023-06-14,2023-06-14
"578",1995-02-01,"CWSR0000SA0L1",148.6,2023-06-14,2023-06-14
"579",1995-03-01,"CWSR0000SA0L1",149,2023-06-14,2023-06-14
"580",1995-04-01,"CWSR0000SA0L1",149.4,2023-06-14,2023-06-14
"581",1995-05-01,"CWSR0000SA0L1",149.8,2023-06-14,2023-06-14
"582",1995-06-01,"CWSR0000SA0L1",150.2,2023-06-14,2023-06-14
"583",1995-07-01,"CWSR0000SA0L1",150.2,2023-06-14,2023-06-14
"584",1995-08-01,"CWSR0000SA0L1",150.5,2023-06-14,2023-06-14
"585",1995-09-01,"CWSR0000SA0L1",150.7,2023-06-14,2023-06-14
"586",1995-10-01,"CWSR0000SA0L1",151.1,2023-06-14,2023-06-14
"587",1995-11-01,"CWSR0000SA0L1",151.2,2023-06-14,2023-06-14
"588",1995-12-01,"CWSR0000SA0L1",151.6,2023-06-14,2023-06-14
"589",1996-01-01,"CWSR0000SA0L1",152.3,2023-06-14,2023-06-14
"590",1996-02-01,"CWSR0000SA0L1",152.6,2023-06-14,2023-06-14
"591",1996-03-01,"CWSR0000SA0L1",153.2,2023-06-14,2023-06-14
"592",1996-04-01,"CWSR0000SA0L1",153.7,2023-06-14,2023-06-14
"593",1996-05-01,"CWSR0000SA0L1",154.2,2023-06-14,2023-06-14
"594",1996-06-01,"CWSR0000SA0L1",154.2,2023-06-14,2023-06-14
"595",1996-07-01,"CWSR0000SA0L1",154.5,2023-06-14,2023-06-14
"596",1996-08-01,"CWSR0000SA0L1",154.6,2023-06-14,2023-06-14
"597",1996-09-01,"CWSR0000SA0L1",155,2023-06-14,2023-06-14
"598",1996-10-01,"CWSR0000SA0L1",155.3,2023-06-14,2023-06-14
"599",1996-11-01,"CWSR0000SA0L1",155.9,2023-06-14,2023-06-14
"600",1996-12-01,"CWSR0000SA0L1",156.3,2023-06-14,2023-06-14
"601",1997-01-01,"CWSR0000SA0L1",156.7,2023-06-14,2023-06-14
"602",1997-02-01,"CWSR0000SA0L1",157,2023-06-14,2023-06-14
"603",1997-03-01,"CWSR0000SA0L1",157,2023-06-14,2023-06-14
"604",1997-04-01,"CWSR0000SA0L1",157.1,2023-06-14,2023-06-14
"605",1997-05-01,"CWSR0000SA0L1",157,2023-06-14,2023-06-14
"606",1997-06-01,"CWSR0000SA0L1",157.3,2023-06-14,2023-06-14
"607",1997-07-01,"CWSR0000SA0L1",157.5,2023-06-14,2023-06-14
"608",1997-08-01,"CWSR0000SA0L1",157.8,2023-06-14,2023-06-14
"609",1997-09-01,"CWSR0000SA0L1",158.3,2023-06-14,2023-06-14
"610",1997-10-01,"CWSR0000SA0L1",158.5,2023-06-14,2023-06-14
"611",1997-11-01,"CWSR0000SA0L1",158.6,2023-06-14,2023-06-14
"612",1997-12-01,"CWSR0000SA0L1",158.6,2023-06-14,2023-06-14
"613",1998-01-01,"CWSR0000SA0L1",158.6,2023-06-14,2023-06-14
"614",1998-02-01,"CWSR0000SA0L1",158.6,2023-06-14,2023-06-14
"615",1998-03-01,"CWSR0000SA0L1",158.5,2023-06-14,2023-06-14
"616",1998-04-01,"CWSR0000SA0L1",158.7,2023-06-14,2023-06-14
"617",1998-05-01,"CWSR0000SA0L1",159.1,2023-06-14,2023-06-14
"618",1998-06-01,"CWSR0000SA0L1",159.4,2023-06-14,2023-06-14
"619",1998-07-01,"CWSR0000SA0L1",159.7,2023-06-14,2023-06-14
"620",1998-08-01,"CWSR0000SA0L1",159.8,2023-06-14,2023-06-14
"621",1998-09-01,"CWSR0000SA0L1",159.9,2023-06-14,2023-06-14
"622",1998-10-01,"CWSR0000SA0L1",160.2,2023-06-14,2023-06-14
"623",1998-11-01,"CWSR0000SA0L1",160.4,2023-06-14,2023-06-14
"624",1998-12-01,"CWSR0000SA0L1",160.8,2023-06-14,2023-06-14
"625",1999-01-01,"CWSR0000SA0L1",161,2023-06-14,2023-06-14
"626",1999-02-01,"CWSR0000SA0L1",160.9,2023-06-14,2023-06-14
"627",1999-03-01,"CWSR0000SA0L1",161,2023-06-14,2023-06-14
"628",1999-04-01,"CWSR0000SA0L1",162.2,2023-06-14,2023-06-14
"629",1999-05-01,"CWSR0000SA0L1",162.4,2023-06-14,2023-06-14
"630",1999-06-01,"CWSR0000SA0L1",162.5,2023-06-14,2023-06-14
"631",1999-07-01,"CWSR0000SA0L1",163.3,2023-06-14,2023-06-14
"632",1999-08-01,"CWSR0000SA0L1",163.7,2023-06-14,2023-06-14
"633",1999-09-01,"CWSR0000SA0L1",164.6,2023-06-14,2023-06-14
"634",1999-10-01,"CWSR0000SA0L1",164.9,2023-06-14,2023-06-14
"635",1999-11-01,"CWSR0000SA0L1",165,2023-06-14,2023-06-14
"636",1999-12-01,"CWSR0000SA0L1",165.6,2023-06-14,2023-06-14
"637",2000-01-01,"CWSR0000SA0L1",166.1,2023-06-14,2023-06-14
"638",2000-02-01,"CWSR0000SA0L1",166.8,2023-06-14,2023-06-14
"639",2000-03-01,"CWSR0000SA0L1",168,2023-06-14,2023-06-14
"640",2000-04-01,"CWSR0000SA0L1",167.8,2023-06-14,2023-06-14
"641",2000-05-01,"CWSR0000SA0L1",168,2023-06-14,2023-06-14
"642",2000-06-01,"CWSR0000SA0L1",169.3,2023-06-14,2023-06-14
"643",2000-07-01,"CWSR0000SA0L1",169.7,2023-06-14,2023-06-14
"644",2000-08-01,"CWSR0000SA0L1",169.4,2023-06-14,2023-06-14
"645",2000-09-01,"CWSR0000SA0L1",170.6,2023-06-14,2023-06-14
"646",2000-10-01,"CWSR0000SA0L1",170.8,2023-06-14,2023-06-14
"647",2000-11-01,"CWSR0000SA0L1",171.1,2023-06-14,2023-06-14
"648",2000-12-01,"CWSR0000SA0L1",171.4,2023-06-14,2023-06-14
"649",2001-01-01,"CWSR0000SA0L1",172.6,2023-06-14,2023-06-14
"650",2001-02-01,"CWSR0000SA0L1",172.8,2023-06-14,2023-06-14
"651",2001-03-01,"CWSR0000SA0L1",172.7,2023-06-14,2023-06-14
"652",2001-04-01,"CWSR0000SA0L1",173.2,2023-06-14,2023-06-14
"653",2001-05-01,"CWSR0000SA0L1",174.3,2023-06-14,2023-06-14
"654",2001-06-01,"CWSR0000SA0L1",174.5,2023-06-14,2023-06-14
"655",2001-07-01,"CWSR0000SA0L1",173.8,2023-06-14,2023-06-14
"656",2001-08-01,"CWSR0000SA0L1",173.7,2023-06-14,2023-06-14
"657",2001-09-01,"CWSR0000SA0L1",174.8,2023-06-14,2023-06-14
"658",2001-10-01,"CWSR0000SA0L1",173.7,2023-06-14,2023-06-14
"659",2001-11-01,"CWSR0000SA0L1",173.4,2023-06-14,2023-06-14
"660",2001-12-01,"CWSR0000SA0L1",173.2,2023-06-14,2023-06-14
"661",2002-01-01,"CWSR0000SA0L1",173.3,2023-06-14,2023-06-14
"662",2002-02-01,"CWSR0000SA0L1",173.6,2023-06-14,2023-06-14
"663",2002-03-01,"CWSR0000SA0L1",174.2,2023-06-14,2023-06-14
"664",2002-04-01,"CWSR0000SA0L1",175.1,2023-06-14,2023-06-14
"665",2002-05-01,"CWSR0000SA0L1",175.4,2023-06-14,2023-06-14
"666",2002-06-01,"CWSR0000SA0L1",175.6,2023-06-14,2023-06-14
"667",2002-07-01,"CWSR0000SA0L1",176,2023-06-14,2023-06-14
"668",2002-08-01,"CWSR0000SA0L1",176.6,2023-06-14,2023-06-14
"669",2002-09-01,"CWSR0000SA0L1",176.9,2023-06-14,2023-06-14
"670",2002-10-01,"CWSR0000SA0L1",177.4,2023-06-14,2023-06-14
"671",2002-11-01,"CWSR0000SA0L1",177.6,2023-06-14,2023-06-14
"672",2002-12-01,"CWSR0000SA0L1",177.8,2023-06-14,2023-06-14
"673",2003-01-01,"CWSR0000SA0L1",178.9,2023-06-14,2023-06-14
"674",2003-02-01,"CWSR0000SA0L1",180,2023-06-14,2023-06-14
"675",2003-03-01,"CWSR0000SA0L1",180.3,2023-06-14,2023-06-14
"676",2003-04-01,"CWSR0000SA0L1",179.3,2023-06-14,2023-06-14
"677",2003-05-01,"CWSR0000SA0L1",178.6,2023-06-14,2023-06-14
"678",2003-06-01,"CWSR0000SA0L1",178.7,2023-06-14,2023-06-14
"679",2003-07-01,"CWSR0000SA0L1",179.3,2023-06-14,2023-06-14
"680",2003-08-01,"CWSR0000SA0L1",180.3,2023-06-14,2023-06-14
"681",2003-09-01,"CWSR0000SA0L1",180.9,2023-06-14,2023-06-14
"682",2003-10-01,"CWSR0000SA0L1",180.3,2023-06-14,2023-06-14
"683",2003-11-01,"CWSR0000SA0L1",180.1,2023-06-14,2023-06-14
"684",2003-12-01,"CWSR0000SA0L1",180.5,2023-06-14,2023-06-14
"685",2004-01-01,"CWSR0000SA0L1",181.5,2023-06-14,2023-06-14
"686",2004-02-01,"CWSR0000SA0L1",182,2023-06-14,2023-06-14
"687",2004-03-01,"CWSR0000SA0L1",182.4,2023-06-14,2023-06-14
"688",2004-04-01,"CWSR0000SA0L1",182.4,2023-06-14,2023-06-14
"689",2004-05-01,"CWSR0000SA0L1",183.2,2023-06-14,2023-06-14
"690",2004-06-01,"CWSR0000SA0L1",184,2023-06-14,2023-06-14
"691",2004-07-01,"CWSR0000SA0L1",184.1,2023-06-14,2023-06-14
"692",2004-08-01,"CWSR0000SA0L1",184.2,2023-06-14,2023-06-14
"693",2004-09-01,"CWSR0000SA0L1",184.9,2023-06-14,2023-06-14
"694",2004-10-01,"CWSR0000SA0L1",186.1,2023-06-14,2023-06-14
"695",2004-11-01,"CWSR0000SA0L1",187.1,2023-06-14,2023-06-14
"696",2004-12-01,"CWSR0000SA0L1",187.2,2023-06-14,2023-06-14
"697",2005-01-01,"CWSR0000SA0L1",186.9,2023-06-14,2023-06-14
"698",2005-02-01,"CWSR0000SA0L1",187.8,2023-06-14,2023-06-14
"699",2005-03-01,"CWSR0000SA0L1",188.4,2023-06-14,2023-06-14
"700",2005-04-01,"CWSR0000SA0L1",189,2023-06-14,2023-06-14
"701",2005-05-01,"CWSR0000SA0L1",188.7,2023-06-14,2023-06-14
"702",2005-06-01,"CWSR0000SA0L1",189,2023-06-14,2023-06-14
"703",2005-07-01,"CWSR0000SA0L1",190.4,2023-06-14,2023-06-14
"704",2005-08-01,"CWSR0000SA0L1",192.1,2023-06-14,2023-06-14
"705",2005-09-01,"CWSR0000SA0L1",195.7,2023-06-14,2023-06-14
"706",2005-10-01,"CWSR0000SA0L1",195.8,2023-06-14,2023-06-14
"707",2005-11-01,"CWSR0000SA0L1",193.9,2023-06-14,2023-06-14
"708",2005-12-01,"CWSR0000SA0L1",193.8,2023-06-14,2023-06-14
"709",2006-01-01,"CWSR0000SA0L1",195.3,2023-06-14,2023-06-14
"710",2006-02-01,"CWSR0000SA0L1",195.2,2023-06-14,2023-06-14
"711",2006-03-01,"CWSR0000SA0L1",195.5,2023-06-14,2023-06-14
"712",2006-04-01,"CWSR0000SA0L1",196.9,2023-06-14,2023-06-14
"713",2006-05-01,"CWSR0000SA0L1",197.4,2023-06-14,2023-06-14
"714",2006-06-01,"CWSR0000SA0L1",197.9,2023-06-14,2023-06-14
"715",2006-07-01,"CWSR0000SA0L1",199.2,2023-06-14,2023-06-14
"716",2006-08-01,"CWSR0000SA0L1",200.2,2023-06-14,2023-06-14
"717",2006-09-01,"CWSR0000SA0L1",198.7,2023-06-14,2023-06-14
"718",2006-10-01,"CWSR0000SA0L1",197.1,2023-06-14,2023-06-14
"719",2006-11-01,"CWSR0000SA0L1",197.2,2023-06-14,2023-06-14
"720",2006-12-01,"CWSR0000SA0L1",198.6,2023-06-14,2023-06-14
"721",2007-01-01,"CWSR0000SA0L1",198.643,2023-06-14,2023-06-14
"722",2007-02-01,"CWSR0000SA0L1",199.311,2023-06-14,2023-06-14
"723",2007-03-01,"CWSR0000SA0L1",200.659,2023-06-14,2023-06-14
"724",2007-04-01,"CWSR0000SA0L1",201.334,2023-06-14,2023-06-14
"725",2007-05-01,"CWSR0000SA0L1",202.321,2023-06-14,2023-06-14
"726",2007-06-01,"CWSR0000SA0L1",202.616,2023-06-14,2023-06-14
"727",2007-07-01,"CWSR0000SA0L1",202.963,2023-06-14,2023-06-14
"728",2007-08-01,"CWSR0000SA0L1",202.818,2023-06-14,2023-06-14
"729",2007-09-01,"CWSR0000SA0L1",203.785,2023-06-14,2023-06-14
"730",2007-10-01,"CWSR0000SA0L1",204.437,2023-06-14,2023-06-14
"731",2007-11-01,"CWSR0000SA0L1",206.433,2023-06-14,2023-06-14
"732",2007-12-01,"CWSR0000SA0L1",207.106,2023-06-14,2023-06-14
"733",2008-01-01,"CWSR0000SA0L1",207.852,2023-06-14,2023-06-14
"734",2008-02-01,"CWSR0000SA0L1",208.322,2023-06-14,2023-06-14
"735",2008-03-01,"CWSR0000SA0L1",209.091,2023-06-14,2023-06-14
"736",2008-04-01,"CWSR0000SA0L1",209.445,2023-06-14,2023-06-14
"737",2008-05-01,"CWSR0000SA0L1",210.884,2023-06-14,2023-06-14
"738",2008-06-01,"CWSR0000SA0L1",213.672,2023-06-14,2023-06-14
"739",2008-07-01,"CWSR0000SA0L1",215.307,2023-06-14,2023-06-14
"740",2008-08-01,"CWSR0000SA0L1",214.54,2023-06-14,2023-06-14
"741",2008-09-01,"CWSR0000SA0L1",214.548,2023-06-14,2023-06-14
"742",2008-10-01,"CWSR0000SA0L1",211.588,2023-06-14,2023-06-14
"743",2008-11-01,"CWSR0000SA0L1",205.924,2023-06-14,2023-06-14
"744",2008-12-01,"CWSR0000SA0L1",203.454,2023-06-14,2023-06-14
"745",2009-01-01,"CWSR0000SA0L1",204.199,2023-06-14,2023-06-14
"746",2009-02-01,"CWSR0000SA0L1",205.184,2023-06-14,2023-06-14
"747",2009-03-01,"CWSR0000SA0L1",204.984,2023-06-14,2023-06-14
"748",2009-04-01,"CWSR0000SA0L1",205.419,2023-06-14,2023-06-14
"749",2009-05-01,"CWSR0000SA0L1",206.009,2023-06-14,2023-06-14
"750",2009-06-01,"CWSR0000SA0L1",208.589,2023-06-14,2023-06-14
"751",2009-07-01,"CWSR0000SA0L1",208.638,2023-06-14,2023-06-14
"752",2009-08-01,"CWSR0000SA0L1",209.639,2023-06-14,2023-06-14
"753",2009-09-01,"CWSR0000SA0L1",210.21,2023-06-14,2023-06-14
"754",2009-10-01,"CWSR0000SA0L1",210.98,2023-06-14,2023-06-14
"755",2009-11-01,"CWSR0000SA0L1",212.035,2023-06-14,2023-06-14
"756",2009-12-01,"CWSR0000SA0L1",212.15,2023-06-14,2023-06-14
"757",2010-01-01,"CWSR0000SA0L1",212.433,2023-06-14,2023-06-14
"758",2010-02-01,"CWSR0000SA0L1",212.14,2023-06-14,2023-06-14
"759",2010-03-01,"CWSR0000SA0L1",212.199,2023-06-14,2023-06-14
"760",2010-04-01,"CWSR0000SA0L1",212.232,2023-06-14,2023-06-14
"761",2010-05-01,"CWSR0000SA0L1",212.025,2023-06-14,2023-06-14
"762",2010-06-01,"CWSR0000SA0L1",211.866,2023-06-14,2023-06-14
"763",2010-07-01,"CWSR0000SA0L1",212.428,2023-06-14,2023-06-14
"764",2010-08-01,"CWSR0000SA0L1",212.757,2023-06-14,2023-06-14
"765",2010-09-01,"CWSR0000SA0L1",213.085,2023-06-14,2023-06-14
"766",2010-10-01,"CWSR0000SA0L1",214.053,2023-06-14,2023-06-14
"767",2010-11-01,"CWSR0000SA0L1",214.644,2023-06-14,2023-06-14
"768",2010-12-01,"CWSR0000SA0L1",215.763,2023-06-14,2023-06-14
"769",2011-01-01,"CWSR0000SA0L1",216.545,2023-06-14,2023-06-14
"770",2011-02-01,"CWSR0000SA0L1",217.252,2023-06-14,2023-06-14
"771",2011-03-01,"CWSR0000SA0L1",218.49,2023-06-14,2023-06-14
"772",2011-04-01,"CWSR0000SA0L1",219.794,2023-06-14,2023-06-14
"773",2011-05-01,"CWSR0000SA0L1",220.578,2023-06-14,2023-06-14
"774",2011-06-01,"CWSR0000SA0L1",220.336,2023-06-14,2023-06-14
"775",2011-07-01,"CWSR0000SA0L1",220.866,2023-06-14,2023-06-14
"776",2011-08-01,"CWSR0000SA0L1",221.5,2023-06-14,2023-06-14
"777",2011-09-01,"CWSR0000SA0L1",222.011,2023-06-14,2023-06-14
"778",2011-10-01,"CWSR0000SA0L1",222.087,2023-06-14,2023-06-14
"779",2011-11-01,"CWSR0000SA0L1",222.614,2023-06-14,2023-06-14
"780",2011-12-01,"CWSR0000SA0L1",222.446,2023-06-14,2023-06-14
"781",2012-01-01,"CWSR0000SA0L1",223.044,2023-06-14,2023-06-14
"782",2012-02-01,"CWSR0000SA0L1",223.768,2023-06-14,2023-06-14
"783",2012-03-01,"CWSR0000SA0L1",224.344,2023-06-14,2023-06-14
"784",2012-04-01,"CWSR0000SA0L1",224.695,2023-06-14,2023-06-14
"785",2012-05-01,"CWSR0000SA0L1",223.886,2023-06-14,2023-06-14
"786",2012-06-01,"CWSR0000SA0L1",223.383,2023-06-14,2023-06-14
"787",2012-07-01,"CWSR0000SA0L1",223.294,2023-06-14,2023-06-14
"788",2012-08-01,"CWSR0000SA0L1",224.974,2023-06-14,2023-06-14
"789",2012-09-01,"CWSR0000SA0L1",226.436,2023-06-14,2023-06-14
"790",2012-10-01,"CWSR0000SA0L1",227.181,2023-06-14,2023-06-14
"791",2012-11-01,"CWSR0000SA0L1",226.463,2023-06-14,2023-06-14
"792",2012-12-01,"CWSR0000SA0L1",226.185,2023-06-14,2023-06-14
"793",2013-01-01,"CWSR0000SA0L1",226.648,2023-06-14,2023-06-14
"794",2013-02-01,"CWSR0000SA0L1",228.434,2023-06-14,2023-06-14
"795",2013-03-01,"CWSR0000SA0L1",227.385,2023-06-14,2023-06-14
"796",2013-04-01,"CWSR0000SA0L1",226.585,2023-06-14,2023-06-14
"797",2013-05-01,"CWSR0000SA0L1",226.753,2023-06-14,2023-06-14
"798",2013-06-01,"CWSR0000SA0L1",227.332,2023-06-14,2023-06-14
"799",2013-07-01,"CWSR0000SA0L1",227.741,2023-06-14,2023-06-14
"800",2013-08-01,"CWSR0000SA0L1",228.365,2023-06-14,2023-06-14
"801",2013-09-01,"CWSR0000SA0L1",228.338,2023-06-14,2023-06-14
"802",2013-10-01,"CWSR0000SA0L1",228.477,2023-06-14,2023-06-14
"803",2013-11-01,"CWSR0000SA0L1",228.976,2023-06-14,2023-06-14
"804",2013-12-01,"CWSR0000SA0L1",229.671,2023-06-14,2023-06-14
"805",2014-01-01,"CWSR0000SA0L1",230.362,2023-06-14,2023-06-14
"806",2014-02-01,"CWSR0000SA0L1",230.506,2023-06-14,2023-06-14
"807",2014-03-01,"CWSR0000SA0L1",230.788,2023-06-14,2023-06-14
"808",2014-04-01,"CWSR0000SA0L1",231.189,2023-06-14,2023-06-14
"809",2014-05-01,"CWSR0000SA0L1",231.407,2023-06-14,2023-06-14
"810",2014-06-01,"CWSR0000SA0L1",231.723,2023-06-14,2023-06-14
"811",2014-07-01,"CWSR0000SA0L1",231.808,2023-06-14,2023-06-14
"812",2014-08-01,"CWSR0000SA0L1",231.587,2023-06-14,2023-06-14
"813",2014-09-01,"CWSR0000SA0L1",231.418,2023-06-14,2023-06-14
"814",2014-10-01,"CWSR0000SA0L1",231.088,2023-06-14,2023-06-14
"815",2014-11-01,"CWSR0000SA0L1",230.286,2023-06-14,2023-06-14
"816",2014-12-01,"CWSR0000SA0L1",228.876,2023-06-14,2023-06-14
"817",2015-01-01,"CWSR0000SA0L1",226.559,2023-06-14,2023-06-14
"818",2015-02-01,"CWSR0000SA0L1",227.414,2023-06-14,2023-06-14
"819",2015-03-01,"CWSR0000SA0L1",228.267,2023-06-14,2023-06-14
"820",2015-04-01,"CWSR0000SA0L1",228.485,2023-06-14,2023-06-14
"821",2015-05-01,"CWSR0000SA0L1",229.515,2023-06-14,2023-06-14
"822",2015-06-01,"CWSR0000SA0L1",230.206,2023-06-14,2023-06-14
"823",2015-07-01,"CWSR0000SA0L1",230.528,2023-06-14,2023-06-14
"824",2015-08-01,"CWSR0000SA0L1",230.374,2023-06-14,2023-06-14
"825",2015-09-01,"CWSR0000SA0L1",229.229,2023-06-14,2023-06-14
"826",2015-10-01,"CWSR0000SA0L1",229.382,2023-06-14,2023-06-14
"827",2015-11-01,"CWSR0000SA0L1",229.692,2023-06-14,2023-06-14
"828",2015-12-01,"CWSR0000SA0L1",229.288,2023-06-14,2023-06-14
"829",2016-01-01,"CWSR0000SA0L1",229.012,2023-06-14,2023-06-14
"830",2016-02-01,"CWSR0000SA0L1",228.286,2023-06-14,2023-06-14
"831",2016-03-01,"CWSR0000SA0L1",229.462,2023-06-14,2023-06-14
"832",2016-04-01,"CWSR0000SA0L1",230.54,2023-06-14,2023-06-14
"833",2016-05-01,"CWSR0000SA0L1",231.291,2023-06-14,2023-06-14
"834",2016-06-01,"CWSR0000SA0L1",232.12,2023-06-14,2023-06-14
"835",2016-07-01,"CWSR0000SA0L1",231.781,2023-06-14,2023-06-14
"836",2016-08-01,"CWSR0000SA0L1",232.193,2023-06-14,2023-06-14
"837",2016-09-01,"CWSR0000SA0L1",233.023,2023-06-14,2023-06-14
"838",2016-10-01,"CWSR0000SA0L1",233.688,2023-06-14,2023-06-14
"839",2016-11-01,"CWSR0000SA0L1",233.965,2023-06-14,2023-06-14
"840",2016-12-01,"CWSR0000SA0L1",234.739,2023-06-14,2023-06-14
"841",2017-01-01,"CWSR0000SA0L1",235.928,2023-06-14,2023-06-14
"842",2017-02-01,"CWSR0000SA0L1",236.166,2023-06-14,2023-06-14
"843",2017-03-01,"CWSR0000SA0L1",235.884,2023-06-14,2023-06-14
"844",2017-04-01,"CWSR0000SA0L1",236.088,2023-06-14,2023-06-14
"845",2017-05-01,"CWSR0000SA0L1",235.704,2023-06-14,2023-06-14
"846",2017-06-01,"CWSR0000SA0L1",235.884,2023-06-14,2023-06-14
"847",2017-07-01,"CWSR0000SA0L1",235.845,2023-06-14,2023-06-14
"848",2017-08-01,"CWSR0000SA0L1",237.018,2023-06-14,2023-06-14
"849",2017-09-01,"CWSR0000SA0L1",238.655,2023-06-14,2023-06-14
"850",2017-10-01,"CWSR0000SA0L1",238.725,2023-06-14,2023-06-14
"851",2017-11-01,"CWSR0000SA0L1",239.686,2023-06-14,2023-06-14
"852",2017-12-01,"CWSR0000SA0L1",240.203,2023-06-14,2023-06-14
"853",2018-01-01,"CWSR0000SA0L1",241.394,2023-06-14,2023-06-14
"854",2018-02-01,"CWSR0000SA0L1",242.187,2023-06-14,2023-06-14
"855",2018-03-01,"CWSR0000SA0L1",242.003,2023-06-14,2023-06-14
"856",2018-04-01,"CWSR0000SA0L1",242.765,2023-06-14,2023-06-14
"857",2018-05-01,"CWSR0000SA0L1",243.428,2023-06-14,2023-06-14
"858",2018-06-01,"CWSR0000SA0L1",243.684,2023-06-14,2023-06-14
"859",2018-07-01,"CWSR0000SA0L1",243.837,2023-06-14,2023-06-14
"860",2018-08-01,"CWSR0000SA0L1",244.37,2023-06-14,2023-06-14
"861",2018-09-01,"CWSR0000SA0L1",244.848,2023-06-14,2023-06-14
"862",2018-10-01,"CWSR0000SA0L1",245.689,2023-06-14,2023-06-14
"863",2018-11-01,"CWSR0000SA0L1",245.117,2023-06-14,2023-06-14
"864",2018-12-01,"CWSR0000SA0L1",244.807,2023-06-14,2023-06-14
"865",2019-01-01,"CWSR0000SA0L1",244.491,2023-06-14,2023-06-14
"866",2019-02-01,"CWSR0000SA0L1",245.11,2023-06-14,2023-06-14
"867",2019-03-01,"CWSR0000SA0L1",246.088,2023-06-14,2023-06-14
"868",2019-04-01,"CWSR0000SA0L1",247.51,2023-06-14,2023-06-14
"869",2019-05-01,"CWSR0000SA0L1",247.39,2023-06-14,2023-06-14
"870",2019-06-01,"CWSR0000SA0L1",247.038,2023-06-14,2023-06-14
"871",2019-07-01,"CWSR0000SA0L1",247.74,2023-06-14,2023-06-14
"872",2019-08-01,"CWSR0000SA0L1",248.079,2023-06-14,2023-06-14
"873",2019-09-01,"CWSR0000SA0L1",248.467,2023-06-14,2023-06-14
"874",2019-10-01,"CWSR0000SA0L1",249.335,2023-06-14,2023-06-14
"875",2019-11-01,"CWSR0000SA0L1",249.815,2023-06-14,2023-06-14
"876",2019-12-01,"CWSR0000SA0L1",250.839,2023-06-14,2023-06-14
"877",2020-01-01,"CWSR0000SA0L1",251.054,2023-06-14,2023-06-14
"878",2020-02-01,"CWSR0000SA0L1",251.01,2023-06-14,2023-06-14
"879",2020-03-01,"CWSR0000SA0L1",249.443,2023-06-14,2023-06-14
"880",2020-04-01,"CWSR0000SA0L1",246.197,2023-06-14,2023-06-14
"881",2020-05-01,"CWSR0000SA0L1",245.556,2023-06-14,2023-06-14
"882",2020-06-01,"CWSR0000SA0L1",246.761,2023-06-14,2023-06-14
"883",2020-07-01,"CWSR0000SA0L1",248.781,2023-06-14,2023-06-14
"884",2020-08-01,"CWSR0000SA0L1",250.261,2023-06-14,2023-06-14
"885",2020-09-01,"CWSR0000SA0L1",251.066,2023-06-14,2023-06-14
"886",2020-10-01,"CWSR0000SA0L1",251.267,2023-06-14,2023-06-14
"887",2020-11-01,"CWSR0000SA0L1",251.807,2023-06-14,2023-06-14
"888",2020-12-01,"CWSR0000SA0L1",253.155,2023-06-14,2023-06-14
"889",2021-01-01,"CWSR0000SA0L1",253.908,2023-06-14,2023-06-14
"890",2021-02-01,"CWSR0000SA0L1",255.142,2023-06-14,2023-06-14
"891",2021-03-01,"CWSR0000SA0L1",256.693,2023-06-14,2023-06-14
"892",2021-04-01,"CWSR0000SA0L1",258.738,2023-06-14,2023-06-14
"893",2021-05-01,"CWSR0000SA0L1",260.805,2023-06-14,2023-06-14
"894",2021-06-01,"CWSR0000SA0L1",263.25,2023-06-14,2023-06-14
"895",2021-07-01,"CWSR0000SA0L1",264.385,2023-06-14,2023-06-14
"896",2021-08-01,"CWSR0000SA0L1",265.575,2023-06-14,2023-06-14
"897",2021-09-01,"CWSR0000SA0L1",266.531,2023-06-14,2023-06-14
"898",2021-10-01,"CWSR0000SA0L1",269.263,2023-06-14,2023-06-14
"899",2021-11-01,"CWSR0000SA0L1",271.641,2023-06-14,2023-06-14
"900",2021-12-01,"CWSR0000SA0L1",274.145,2023-06-14,2023-06-14
"901",2022-01-01,"CWSR0000SA0L1",275.794,2023-06-14,2023-06-14
"902",2022-02-01,"CWSR0000SA0L1",277.781,2023-06-14,2023-06-14
"903",2022-03-01,"CWSR0000SA0L1",280.892,2023-06-14,2023-06-14
"904",2022-04-01,"CWSR0000SA0L1",281.547,2023-06-14,2023-06-14
"905",2022-05-01,"CWSR0000SA0L1",284.189,2023-06-14,2023-06-14
"906",2022-06-01,"CWSR0000SA0L1",288.231,2023-06-14,2023-06-14
"907",2022-07-01,"CWSR0000SA0L1",287.239,2023-06-14,2023-06-14
"908",2022-08-01,"CWSR0000SA0L1",287.242,2023-06-14,2023-06-14
"909",2022-09-01,"CWSR0000SA0L1",287.961,2023-06-14,2023-06-14
"910",2022-10-01,"CWSR0000SA0L1",289.285,2023-06-14,2023-06-14
"911",2022-11-01,"CWSR0000SA0L1",289.531,2023-06-14,2023-06-14
"912",2022-12-01,"CWSR0000SA0L1",289.381,2023-06-14,2023-06-14
"913",2023-01-01,"CWSR0000SA0L1",291.012,2023-06-14,2023-06-14
"914",2023-02-01,"CWSR0000SA0L1",291.887,2023-06-14,2023-06-14
"915",2023-03-01,"CWSR0000SA0L1",291.833,2023-06-14,2023-06-14
"916",2023-04-01,"CWSR0000SA0L1",293.262,2023-06-14,2023-06-14
"917",2023-05-01,"CWSR0000SA0L1",293.298,2023-06-14,2023-06-14
